COMUNE_CAT_COD;POPOLAZIONE;LQP_COD6;LQP_COD5;IND7;IND6;IND5;IND1
A052;19896;4;9;45;0.582;4754.16;238
A146;325;4;4;30;0.606;59;181
A182;93943;6;8;44;0.544;19856.8;211
A189;744;9;7;58;0.341;95.332;128
A197;766;4;5;35;0.45;112.754;147
A211;912;10;3;76;0.379;100.293;109
A227;468;10;10;63;0.378;149.215;318
A245;377;10;2;64;0.535;46.592;123
A436;6409;3;8;41;0.494;1141.32;178
A523;294;3;3;24;0.485;39.999;136
A605;1360;7;4;57;0.465;201.737;148
A689;2087;6;4;56;0.63;352.815;169
A708;1709;10;9;76;0.341;239.499;140
A738;515;5;2;42;1.303;132.355;257
A793;744;10;6;65;0.42;105.689;142
A813;157;3;2;24;0.476;18.737;119
A889;1887;6;6;50;0.455;312.374;165
A998;1966;5;3;43;0.645;309.012;157
B029;584;10;5;65;0.472;99.43;170
B037;1428;8;10;59;0.371;273.676;191
B071;2457;5;8;51;0.425;359.587;146
B080;1227;3;5;28;0.408;150.467;122
B109;319;10;9;70;0.431;67.293;210
B179;456;3;3;24;0.483;63.782;139
B311;528;3;7;31;0.615;116.082;219
B453;528;9;9;61;0.325;76.066;144
B482;807;8;10;54;0.321;125.267;155
B629;527;3;3;30;0.606;84.859;161
B701;1904;6;5;48;0.517;310.892;163
B736;1122;4;7;39;0.462;154.657;137
B765;340;10;10;69;0.386;78.911;232
B769;431;6;3;44;0.622;71.116;165
B818;977;3;5;27;0.452;122.348;125
B836;84;4;10;30;0.606;36.5;434
B840;510;4;5;33;0.594;78.744;154
B847;747;4;2;34;0.435;94.393;126
B870;1234;6;7;53;0.485;209.24;169
B882;372;3;8;28;0.494;67.79;182
B885;34437;7;9;59;0.5;7303.98;212
B902;980;3;3;32;0.666;157.455;160
B941;129;3;2;24;0.476;19.24;149
C005;1731;2;7;25;0.567;328.954;190
C027;2961;5;6;49;0.468;477.216;161
C030;914;3;9;28;0.43;176;192
C137;90;3;3;24;0.476;14.111;156
C142;399;5;1;39;0.656;47.87;119
C148;4570;6;6;59;0.557;792.947;173
C156;148;5;1;36;0.541;19.132;129
C158;2047;5;5;50;0.485;299.617;146
C160;476;10;3;68;0.526;69.929;146
C162;1537;10;5;80;0.408;206.749;134
C229;694;8;4;56;0.466;104.718;150
C243;5274;6;8;58;0.551;1024.63;194
C274;416;10;2;71;0.437;50.578;121
C387;291;4;3;31;0.416;35.528;122
C432;495;10;7;65;0.339;65.114;131
C503;437;10;7;64;0.376;61.4;140
C507;323;3;3;24;0.476;38.834;120
C531;1435;6;8;53;0.362;202.606;141
C962;464;10;5;66;0.619;81.85;176
C977;979;9;10;61;0.405;242.291;247
D102;335;3;7;24;0.476;51.868;154
D149;1086;4;4;36;0.451;127.127;117
D194;340;10;7;67;0.322;46.06;135
D272;176;6;2;40;0.422;23.991;136
D277;185;3;4;24;0.476;30;162
D447;656;2;9;24;0.476;126.287;192
D528;2344;8;9;63;0.39;372.502;158
D559;336;3;2;27;0.561;46.451;138
D759;531;10;1;65;0.713;87.13;164
D770;440;10;6;61;0.443;70.293;159
D777;502;10;10;67;0.437;109;217
D780;1460;8;10;58;0.347;218.291;149
D797;731;10;4;66;0.56;118.242;161
D813;1968;8;3;58;0.422;224.135;113
D814;1653;9;6;67;0.519;293.431;177
D835;1167;7;7;54;0.369;159.994;137
D890;844;10;3;64;0.388;86.642;102
D910;696;2;8;24;0.479;126.918;182
D941;180;7;2;45;0.454;23.424;130
D944;4614;3;8;32;0.568;849.487;184
E015;718;9;9;58;0.386;114.771;159
E164;324;3;7;24;0.483;53.252;164
E188;259;4;10;29;0.484;65;250
E191;510;3;2;30;0.606;67.438;132
E255;305;10;7;66;0.437;53.328;174
E360;717;6;2;45;0.663;103.428;144
E543;869;2;5;21;0.481;121.011;139
E712;1122;10;6;77;0.418;162.674;144
E870;85;4;1;33;0.592;15;176
F015;1420;9;8;64;0.356;194.488;136
F096;1325;2;7;25;0.353;158.392;119
F131;189;6;3;41;0.424;26.57;140
F232;1374;9;8;67;0.394;205.432;149
F281;2181;4;3;43;0.525;325.943;149
F293;605;10;5;64;0.509;112.679;186
F313;1038;7;9;56;0.323;141.879;136
F320;223;3;9;24;0.48;43.395;194
F337;213;7;10;48;0.31;44;206
F365;165;4;5;30;0.606;35;212
F374;566;2;6;24;0.482;82.849;146
F387;278;3;4;24;0.476;43.363;155
F403;265;4;6;34;0.483;49;184
F404;664;3;4;26;0.455;86.053;129
F455;321;9;7;54;0.302;38;118
F469;560;3;8;30;0.421;103.082;184
F518;313;3;5;24;0.476;42.5;135
F562;341;3;7;24;0.476;60.699;178
F707;1441;9;9;65;0.391;232.922;161
F713;402;3;7;23;0.53;77.745;193
F737;737;3;6;30;0.461;119.143;161
F751;679;5;7;38;0.457;100.69;148
F814;1436;9;5;66;0.414;205.873;143
F965;28154;5;9;50;0.482;5010.09;177
F995;1319;7;7;56;0.459;226.872;172
F997;442;7;6;46;0.39;68.018;153
F998;262;7;6;47;0.363;35.215;134
G042;122;10;7;67;0.612;34.026;278
G124;424;3;8;28;0.446;72.263;170
G193;629;7;10;50;0.349;245.995;391
G197;11477;4;8;42;0.563;2150;187
G199;1265;9;4;63;0.445;157.178;124
G204;1436;7;10;56;0.317;216.517;150
G215;220;6;2;43;0.656;35.737;162
G334;554;3;2;27;0.51;73.929;133
G338;715;3;2;29;0.605;109.605;153
G367;1318;9;3;67;0.578;211.409;160
G397;1267;9;10;66;0.161;185.393;146
G619;904;10;6;70;0.365;112.871;124
G695;851;10;5;79;0.526;140.146;164
G807;355;10;10;60;0.256;58.821;165
G839;3723;3;4;38;0.544;549.083;147
G858;1488;5;8;47;0.358;207.799;139
G861;606;4;8;35;0.367;92.513;152
G872;356;9;9;58;0.332;54;151
G877;1051;3;7;27;0.649;239.996;228
G960;328;3;7;24;0.479;52.544;160
G961;4775;6;7;58;0.53;807.707;169
G987;521;3;9;28;0.421;105.2;201
H021;2048;7;3;58;0.577;331.591;161
H104;1398;8;10;59;0.397;527.474;377
H121;1637;8;9;62;0.479;295.472;180
H272;684;4;7;37;0.353;97.335;142
H334;1446;6;5;52;0.47;228.248;157
H343;381;0;0;62;0.35;0;0
H406;136;4;1;30;0.606;22;161
H414;1512;2;7;27;0.447;210;138
H465;200;4;2;30;0.606;31;155
H569;1568;8;8;60;0.324;203.792;129
H677;352;10;8;62;0.356;57.328;162
H694;4172;5;4;50;0.513;609.015;145
H810;608;2;6;19;0.432;77.37;127
H878;1265;7;9;58;0.344;169.824;134
I144;4299;7;10;61;0.381;760.674;176
I150;583;2;5;24;0.476;81.37;139
I190;425;5;3;38;0.599;63.236;148
I429;406;3;5;25;0.534;61.831;152
I432;1171;2;5;24;0.476;144.12;123
I645;562;9;6;58;0.416;87.279;155
I657;6128;6;2;61;0.856;1057.83;172
I711;1246;7;6;55;0.429;190.192;152
I738;1988;5;4;46;0.567;317.728;159
I798;1645;8;6;60;0.437;238.666;145
I808;226;8;3;52;0.499;33.606;148
I901;1050;3;6;29;0.444;160;152
I911;337;5;3;35;0.546;47.445;140
I941;2486;3;3;33;0.54;348.821;140
I977;2019;5;7;50;0.432;291.947;144
L027;1581;3;8;31;0.442;249.999;158
L059;672;9;4;60;0.479;97;144
L139;936;10;4;74;0.405;113.879;121
L143;923;3;4;26;0.536;124.968;135
L165;1371;9;10;63;0.38;263.3;192
L304;27437;6;8;54;0.72;6708.02;244
L403;281;9;9;53;0.369;46.61;165
L432;655;2;4;24;0.49;82.846;126
L570;19178;4;10;46;0.658;6246.03;325
L633;1021;8;5;62;0.416;150.277;147
L881;1006;7;5;57;0.46;154.711;153
L887;2182;4;3;43;0.555;304.511;139
L904;3148;7;3;63;0.488;459.405;145
L931;479;9;10;55;0.306;72.255;150
L963;955;4;4;37;0.615;159.456;166
L970;306;7;6;45;0.309;38.368;125
L972;1876;8;5;60;0.659;368.162;196
M009;715;8;2;54;0.584;95.476;133
M077;1194;3;10;29;0.408;217.9;182
M120;1227;2;4;24;0.476;151.862;123
M121;148;3;7;24;0.476;26.851;181
M123;738;3;7;30;0.542;130.947;177
A092;4865;8;3;70;0.31;354.604;72
A271;100861;7;9;52;0.486;19994.2;198
A366;4612;6;10;60;0.276;584.927;126
A626;1368;9;7;63;0.329;163.606;119
A769;2234;0;0;66;0.288;0;0
B468;7322;0;0;71;0.431;0;0
B470;2567;8;3;67;0.381;234.211;91
C060;4947;7;7;62;0.362;602.712;121
C100;18733;9;8;75;0.413;2564.37;136
C152;1676;9;7;68;0.321;175.18;104
C248;3540;5;5;52;0.548;543.903;153
C524;3817;6;6;60;0.372;406.037;106
C615;14796;8;7;71;0.413;2019.31;136
D007;4998;7;9;65;0.384;768.105;153
D211;4756;5;8;54;0.366;616.528;129
D451;31480;8;8;63;0.36;4088.32;129
D472;26565;5;9;49;0.593;5916.29;222
D597;9499;6;8;62;0.46;1543.09;162
D965;1797;6;10;49;0.417;331.21;184
E388;40399;7;7;62;0.506;6336.62;156
E690;12814;7;2;64;0.597;1713.26;133
E837;6248;7;4;63;0.429;724.359;115
F145;1037;9;6;65;0.471;143.225;138
F381;3405;7;9;62;0.365;439.74;129
F453;1987;9;6;66;0.426;274.539;138
F560;9992;7;5;67;0.446;1369.51;137
F600;3061;6;3;55;0.476;340.986;111
F634;6848;9;6;75;0.387;815.669;119
F745;1903;0;0;64;0.367;0;0
F978;3775;8;4;68;1.407;1627.35;431
G003;1935;9;2;67;0.369;170;87
G157;34977;7;5;62;0.578;6030.55;172
F401;6875;8;6;69;0.368;767.773;111
F581;3311;0;0;69;0.388;0;0
G771;693;6;5;48;0.396;81.356;117
G803;4508;8;8;68;0.321;486.749;107
H575;1985;9;5;64;0.416;236.321;119
H979;2057;9;9;68;0.33;280;136
I071;933;5;4;40;0.518;126.24;135
I251;4179;8;5;70;0.32;397.161;95
I461;7285;7;9;64;0.387;1089.39;149
I608;45027;5;6;50;0.624;8848.29;196
I643;3746;9;1;78;0.38;285.282;76
I653;2850;4;7;43;0.442;388.813;136
I758;4051;3;4;31;0.942;1037.7;256
I932;2253;5;8;49;0.432;312.806;138
M318;7625;8;5;70;0.377;860.664;112
A044;2916;2;3;24;0.456;328.859;112
A047;3831;7;8;65;0.402;557.776;145
A233;3390;8;1;68;0.598;432.328;127
A252;3629;6;4;60;0.38;364.288;100
A335;1785;2;8;24;0.317;175;98
A437;1178;2;1;24;0.611;159;134
A462;49407;4;7;41;0.53;7803.26;157
A760;646;9;2;62;0.291;40.827;63
B534;1916;6;2;48;0.428;207.78;108
B727;1100;4;8;38;0.371;134.5;122
C093;8634;4;2;46;0.378;621.615;71
C321;2796;3;2;32;0.4;235.697;84
C331;2380;9;5;68;0.284;196.516;82
C877;3668;5;1;50;0.525;314.648;85
C935;3166;2;1;22;0.464;210.861;66
D096;978;9;3;57;0.424;108.142;110
D210;5398;5;1;56;0.746;853.579;158
D477;3337;1;2;4;0.476;270.868;81
D542;37655;6;6;53;0.456;5043.75;133
D652;9241;9;3;76;0.23;545.423;59
D691;1354;6;4;50;0.305;114.283;84
D760;964;9;9;61;0.372;137.68;142
E207;16006;6;6;60;0.623;3500.77;218
E208;3398;7;8;66;0.317;361.97;106
E447;1166;1;1;14;0.453;93.002;79
E807;1452;10;1;72;0.44;109.953;75
E868;2401;4;3;42;0.486;266.34;110
F021;963;1;7;11;0.388;92.86;96
F044;1638;8;3;59;0.371;167.841;102
F379;659;9;4;62;0.337;68.466;103
F380;4611;7;4;62;0.419;498.577;108
F415;2122;8;6;66;0.279;188.579;88
F428;1682;1;1;12;0.55;151.781;90
F487;488;7;5;47;0.325;46.492;95
F493;424;4;1;29;0.478;36;84
F501;2123;8;8;67;0.307;245.994;115
F509;1178;3;5;35;0.4;127.877;108
F516;523;2;5;24;0.499;87.011;166
F517;801;2;4;18;0.444;75.929;94
F520;6851;3;5;41;0.357;589.591;86
F522;12990;7;6;69;0.361;1411.42;108
F536;395;0;0;31;0.311;16.072;40
F549;778;7;2;52;0.29;57.367;73
F570;604;2;4;23;0.534;98.815;163
F591;12655;7;3;66;0.54;1660;131
F599;379;8;10;50;0.25;58.209;153
F614;2230;1;2;12;0.457;186.353;83
F626;2458;9;6;69;0.319;232.183;94
F653;8353;8;4;72;0.327;738.193;88
F664;433;8;9;50;0.223;45.999;106
F665;731;9;1;61;0.455;52.564;71
F697;979;9;7;61;0.325;109.483;111
F722;598;1;1;14;0.442;42.891;71
G005;5058;5;4;56;0.494;663;131
G137;774;9;9;59;0.268;90.823;117
G289;196;3;1;24;0.3;15.094;77
G403;2800;9;1;69;0.581;364.967;130
G516;2335;4;4;45;0.393;240.42;102
G873;1674;4;1;39;0.458;122.928;73
G920;16121;6;4;57;0.687;2975.84;184
G921;26152;7;6;58;0.504;3975.09;151
H182;2145;0;0;61;0.406;109.233;50
H321;4309;6;4;57;0.456;508.743;118
H390;2010;3;2;32;0.422;195.278;97
H588;906;5;7;43;0.319;95.186;105
H769;47303;6;6;54;0.749;10581.3;223
I315;1330;8;1;59;0.334;82.255;61
I324;17110;7;8;65;0.331;1810.57;105
C070;2336;1;1;9;0.633;171.383;73
I774;365;10;9;74;0.387;67.354;184
I912;7215;4;3;44;0.519;865.451;119
L279;2048;10;4;77;0.29;162.648;79
L728;2066;3;3;33;0.402;190;91
A018;327;10;3;79;0.458;66.615;203
A100;1475;2;6;17;0.579;325.363;220
A187;864;1;6;9;0.523;186.139;215
A318;341;10;7;68;0.383;74.386;218
A481;1181;1;4;15;0.369;169.062;143
A515;42515;8;3;66;0.414;6286.64;147
A603;3569;9;6;73;0.232;426.083;119
A656;737;10;6;66;0.286;108.142;146
A667;1828;10;9;72;0.26;294.534;161
A678;726;4;1;33;0.357;75.008;103
A884;223;1;9;11;0.411;55;246
B256;1125;9;10;69;0.216;163.786;145
B358;1369;3;5;34;0.328;197.08;143
B382;137;2;10;16;0.622;63.031;460
B526;803;1;4;12;0.614;184.689;229
B569;542;1;7;0;0.508;134.212;247
B606;995;10;9;72;0.411;239.292;240
B624;274;9;10;57;0.264;110.807;404
B651;884;9;8;61;0.265;137.104;155
B656;5252;7;8;65;0.353;1012.36;192
B658;665;2;9;15;0.352;141.627;212
B672;230;2;5;17;0.348;38.814;168
B677;528;1;8;10;1.073;287.667;544
B725;87;2;8;14;0.411;23.623;271
B842;5396;4;5;44;0.526;1158.53;214
C083;413;4;10;29;0.681;196.296;475
C090;303;10;10;75;0.318;77.265;255
C096;6538;2;9;30;0.369;1249.12;191
C126;1106;10;10;71;0.275;202.657;183
C278;153;2;2;19;0.459;28;183
C279;982;10;2;63;0.306;112.669;114
C426;11017;6;4;61;0.33;1391.54;126
C492;1635;1;4;13;0.362;194.598;119
C766;979;10;9;71;0.265;175.924;179
C778;296;0;0;21;0.472;0;0
C783;3268;0;0;68;0.292;17.407;5
C811;230;10;10;66;0.25;67.671;294
C844;894;10;6;65;0.215;88.17;98
C862;1233;4;2;35;0.483;184.482;149
C866;237;2;8;14;0.338;48.203;203
C999;1051;8;10;58;0.26;237.956;226
D465;418;2;2;22;0.321;46.055;110
D681;369;3;9;25;0.47;114.931;311
D736;721;2;2;20;0.371;85;117
D850;254;10;7;71;0.346;51.087;201
E040;1989;5;6;45;0.392;331.876;166
E096;569;9;7;59;0.336;102.408;179
E307;2126;9;9;71;0.2;245.064;115
A345;69753;4;6;33;0.476;14500;207
E505;1702;7;5;55;0.326;232.187;136
E723;6079;8;3;72;0.334;715;117
E724;1011;9;3;67;0.635;265.914;263
E811;3690;7;7;62;0.427;759.24;205
F022;1476;9;7;65;0.399;295.613;200
M255;386;10;5;69;0.254;49.136;127
F595;2581;1;3;3;0.61;494.686;191
F732;1448;10;4;70;0.288;191.891;132
F852;554;3;9;24;0.313;112.735;203
F996;1167;3;9;32;0.226;143.987;123
G002;506;2;2;18;0.514;89.737;177
G079;420;4;1;30;0.479;36.832;87
G102;1244;6;10;51;0.462;338.299;271
G142;542;2;5;16;0.49;113.793;209
G145;1860;4;7;35;0.434;354.9;190
G200;1227;7;10;56;0.629;512;417
G210;1174;9;9;66;0.279;201.367;171
G449;682;1;9;13;0.504;184.948;271
G484;2203;4;4;43;0.729;703.61;319
G492;4133;6;5;57;0.359;619.32;149
G493;1128;8;9;58;0.466;355;314
G524;1376;7;9;57;0.214;185.589;134
G726;4326;8;3;66;0.284;448.794;103
G766;1136;1;2;15;0.455;152.966;134
G992;496;1;6;7;0.369;80.063;161
H007;7577;8;4;74;0.311;924.932;122
H056;945;10;7;64;0.213;110.154;116
H166;2815;9;5;70;0.356;435.779;154
H353;700;3;10;29;1.023;588.764;841
H389;693;6;2;44;0.542;116.878;168
H399;856;1;2;8;0.597;158.661;185
H400;533;4;9;35;0.588;195.528;366
H402;1526;5;7;47;0.611;464.812;304
H429;178;7;1;48;0.518;29.905;168
H434;1627;1;10;10;0.511;638.289;392
H772;3909;2;5;27;0.381;541.229;138
H773;113;1;10;9;0.294;46.36;410
H819;1854;2;1;16;0.455;227.887;122
I121;661;2;6;16;0.43;131.044;198
I326;1166;4;9;37;0.432;307.502;263
I336;394;4;7;33;0.174;39.35;99
I360;111;2;2;19;0.875;39.949;359
I389;2347;8;4;67;0.295;293.879;125
I501;1847;1;10;16;0.467;610.542;330
I543;574;2;10;16;0.294;106.254;185
I546;3727;3;5;36;0.31;494.479;132
I553;2824;5;1;47;0.668;518.652;183
I558;359;10;4;66;0.387;68.7;191
I804;24557;2;2;23;0.506;3336.4;135
L025;6889;6;7;59;0.46;1574.46;228
L173;310;2;10;18;0.414;115.605;372
L227;3187;1;2;0;0.339;328.489;103
L334;6246;3;2;34;0.414;767.029;122
L958;568;1;7;6;0.598;146.373;257
M021;123;2;1;20;0.411;16.875;137
M023;424;3;3;25;0.23;37.663;88
M031;919;4;4;36;0.317;109.686;119
M041;653;3;3;29;0.394;91.781;140
M090;873;0;0;11;0.4;0;0
A291;5638;3;2;32;0.5;727.243;128
A390;99543;4;2;37;0.576;17137.6;172
A541;1087;2;1;16;0.497;143.509;132
A851;12241;2;4;23;0.532;1981.61;161
B243;10164;3;1;35;0.603;1396.74;137
B670;5438;5;7;55;0.407;928.324;170
B693;1426;4;1;36;0.472;157.523;110
C102;3149;1;6;17;0.507;553.735;175
C263;2707;2;5;28;0.624;549.397;202
C318;2167;6;8;56;0.518;494.264;228
C319;13244;2;3;23;0.517;1849.67;139
C407;9614;3;2;34;0.486;1157.5;120
C648;899;2;4;18;0.567;165.203;183
C663;2023;2;3;22;0.803;459.069;226
C774;9121;2;2;28;0.691;1596.66;175
D077;22450;2;3;24;0.549;3533.12;157
D649;9516;2;4;28;0.576;1697.63;178
E468;3517;3;3;36;0.514;526.869;149
E693;5819;3;2;36;0.609;976.927;167
E718;3581;2;3;24;0.542;600.015;167
E933;3466;1;5;14;0.57;594.087;171
F565;566;3;4;28;0.776;161.572;285
F594;1757;2;2;26;0.543;252.769;143
F628;8743;2;5;28;0.524;1535.5;175
F656;24378;4;4;40;0.599;4462.49;183
G139;878;6;1;45;0.678;161.669;184
G451;3162;4;2;42;0.569;481.8;152
G653;3183;2;2;30;0.579;496.715;156
G879;6160;2;2;26;0.638;1071.44;173
H901;17018;3;3;42;0.492;2663.13;156
I155;15884;4;1;43;0.744;2987.81;188
I681;1355;2;3;22;0.443;180.392;133
I991;6331;5;6;51;0.481;1264.35;199
L038;1062;2;9;26;0.464;234.092;220
L123;12346;5;7;55;0.524;2649.17;214
M322;9632;5;5;51;0.455;1514.11;157
M329;5845;2;6;23;0.514;1051.52;179
A072;1642;10;6;73;0.402;209.754;127
A173;529;9;5;59;0.538;95.4;180
A312;974;9;3;63;0.307;85.462;87
A352;607;6;7;48;0.337;75.174;123
A479;76202;9;10;62;0.462;18293.3;240
A527;391;10;2;76;0.298;34.425;88
A588;1110;10;6;69;0.453;190.5;171
A770;350;10;4;76;0.378;44;125
A812;415;10;6;72;0.42;70;168
B221;321;8;10;50;0.285;57.51;179
B236;893;5;8;40;0.367;131.364;147
B306;2626;10;1;79;0.423;223.785;85
B376;1761;9;7;63;0.372;216.625;123
B418;1317;0;0;73;0.435;41.388;31
B425;1279;8;10;58;0.268;176.765;138
B469;471;10;1;58;0.272;31.145;66
B594;10485;7;9;65;0.427;1778.97;169
B633;982;0;0;82;0.378;42.79;43
B707;290;9;2;53;0.356;26.962;92
B991;633;9;10;63;0.335;126.746;200
C022;611;5;4;43;0.343;69.682;114
C049;3798;9;5;73;0.297;358.985;94
C047;1245;8;9;61;0.317;176.747;141
C064;609;4;3;35;0.337;59.432;97
C127;2763;0;0;59;0.379;0;0
C154;302;0;0;63;0.271;5.836;19
C161;180;10;3;65;0.338;20.424;113
A300;1860;10;7;72;0.381;254.4;136
C226;895;7;5;52;0.385;111.442;124
C230;759;10;2;72;0.489;96.19;126
C232;3272;8;5;70;0.541;563;172
C253;395;3;6;24;0.509;64.075;162
C438;720;10;7;64;0.293;84.263;117
C440;484;8;4;51;0.297;42.262;87
C528;224;10;9;71;0.373;45.9;204
C533;626;10;5;72;0.507;103.924;166
C583;403;6;7;42;0.325;53.633;133
C658;220;9;1;54;0.431;23.937;108
C701;446;10;5;67;0.273;44.5;99
C739;1245;9;7;65;0.269;125.78;101
C804;302;10;4;59;0.18;20;66
C807;1493;7;9;55;0.469;325.902;218
D046;218;10;1;66;0.263;14.5;66
D050;329;10;2;66;0.307;26.679;81
D051;277;10;10;65;0.428;72.704;262
D052;654;10;2;68;0.291;51.639;78
D072;571;8;5;56;0.287;50.674;88
D101;528;10;2;66;0.272;36;68
D119;5914;9;5;74;0.403;784.819;132
D207;496;10;5;70;0.309;54.573;110
D388;1022;9;4;65;0.374;109;106
D554;1608;8;2;62;0.334;137;85
D678;567;10;6;67;0.283;60.306;106
D802;768;10;1;72;0.264;51.43;66
E134;600;7;8;53;0.357;91.173;151
E159;615;10;9;64;0.346;93.272;151
E295;2288;6;6;56;0.293;208.7;91
E338;2071;10;5;77;0.401;253.17;122
E633;359;7;4;45;0.29;37.3;103
E917;277;8;10;49;0.358;62.848;226
E944;375;10;1;58;0.297;22.403;59
F254;494;9;8;57;0.302;60.863;123
F308;209;5;2;38;0.383;26.294;125
F311;1117;9;1;68;0.427;60.46;54
F316;2259;10;2;80;0.448;275.737;122
F323;984;0;0;70;0.326;21.684;22
F325;931;9;3;59;0.357;95;102
F336;3033;5;8;50;0.41;505.265;166
F343;883;7;8;51;0.213;72.5;82
F361;921;10;7;71;0.319;106;115
F386;333;5;8;37;0.309;47.75;143
F390;937;0;0;60;0.36;0;0
F409;755;10;1;78;0.393;67.441;89
F468;1276;9;4;63;0.406;158.63;124
F527;2344;8;7;66;0.349;317.269;135
F556;1153;7;4;56;0.403;147.215;127
F709;192;10;5;68;0.359;26.752;139
F902;10429;6;6;62;0.424;1475.46;141
G048;80;10;1;60;0.264;4.95;61
G358;455;10;3;62;0.44;53.867;118
G430;488;9;8;58;0.368;74.897;153
G593;583;8;10;54;0.245;70.092;120
G676;230;10;7;67;0.312;32;139
G692;637;9;9;63;0.393;112;175
G894;2006;0;0;63;0.299;0;0
H102;183;10;4;62;0.388;27.95;152
H219;1591;7;9;57;0.339;236.2;148
H250;767;10;6;75;0.31;85.097;110
H366;400;0;0;67;0.181;18.589;46
H376;473;10;9;74;0.349;85.34;180
H392;936;10;3;67;0.305;76.954;82
H451;399;6;5;43;0.382;54.849;137
H466;338;5;4;36;0.261;30.583;90
H468;1450;9;5;68;0.485;242.5;167
H811;8315;9;3;76;0.488;1057.71;127
H899;122;4;1;33;0.311;9.953;81
H987;666;10;3;64;0.355;62.849;94
I017;1047;9;9;66;0.26;125.4;119
I076;1208;10;8;74;0.361;185.436;153
I555;555;10;10;66;0.318;102.722;185
I637;123;6;3;41;0.331;16.23;131
I678;271;5;2;37;0.272;22.332;82
I698;530;8;3;55;0.384;62.064;117
I781;145;10;1;73;0.429;17.737;122
L168;1699;8;4;58;0.322;180;105
L203;866;10;1;65;0.337;60.816;70
L204;236;3;8;29;0.436;46.611;197
L531;275;10;5;72;0.305;31.18;113
L574;2462;9;7;74;0.297;265.5;107
L807;622;4;5;36;0.379;77.268;124
L829;257;10;7;63;0.339;40.494;157
L834;929;9;10;63;0.309;178.011;191
L879;835;10;3;74;0.309;73.904;88
L945;3094;9;3;78;0.35;306;98
L984;5745;8;7;69;0.46;865.05;150
M019;395;10;3;63;0.317;36.761;93
M058;601;10;4;75;0.319;71.08;118
M302;1643;7;9;55;0.506;338.8;206
A101;3958;7;9;62;0.271;643.821;162
A228;4196;6;4;55;0.334;558.797;133
A284;1927;8;8;59;0.248;280.442;145
A347;1739;7;3;54;0.297;208.64;119
A399;22700;5;6;47;0.367;3835.57;168
A489;11020;7;8;67;0.388;2341.43;212
A508;7890;7;2;67;0.351;937.269;118
A509;54857;3;6;34;0.491;13203.4;240
A566;3217;7;9;65;0.304;607.975;188
A580;4718;10;2;87;0.39;660.499;139
A881;3831;9;8;76;0.288;698.096;182
A975;2448;7;2;58;0.238;195.8;79
B367;326;10;9;74;0.279;73.884;226
B374;2391;5;7;48;0.26;344.264;143
B415;4666;7;2;64;0.294;461.354;98
B590;1147;8;8;61;0.275;172.7;150
B674;3483;4;4;47;0.3;434.745;124
B706;2398;8;7;67;0.207;256.008;106
B776;1408;7;10;55;0.262;299.742;212
B866;1800;5;4;47;0.299;232.596;129
B997;982;4;7;38;0.32;161.852;164
C058;1129;9;10;64;0.24;198;175
C105;2041;8;7;64;0.26;305.6;149
C283;1615;9;8;63;0.285;270.8;167
C557;9658;5;4;52;0.4;1530.5;158
C576;2584;8;7;64;0.294;410.332;158
C606;475;10;10;62;0.251;92.895;195
C659;2277;10;4;81;0.274;288.793;126
C971;3053;7;5;65;0.273;365;119
C976;1373;7;2;57;0.273;131.917;96
D331;1862;0;0;70;0.316;89.562;48
D638;2963;6;10;54;0.258;542.912;183
D671;3170;7;9;65;0.271;508.027;160
D701;5384;5;5;55;0.382;848.574;157
D798;3780;7;10;61;0.227;581;153
D998;3516;7;8;63;0.255;500;142
E161;691;7;8;51;0.262;117.383;169
E206;8137;5;5;56;0.396;1369.3;168
E214;1869;7;3;57;0.268;185.539;99
E245;1718;5;10;42;0.202;263.285;153
E397;2340;4;5;45;0.332;334.614;142
E448;1572;9;2;67;0.241;132.813;84
E487;3509;5;10;53;0.412;1029.86;293
E605;6201;8;7;71;0.244;794.4;128
E746;1187;7;8;56;0.335;214.983;181
E891;3160;8;6;70;0.349;550.095;174
E997;1727;10;7;81;0.353;338.311;195
F110;1920;8;9;60;0.217;255.532;133
F141;12267;5;9;50;0.349;2599.27;211
F230;7684;6;8;57;0.349;1544.79;201
F397;423;10;3;78;0.276;56;132
F448;3725;6;10;60;0.234;644.862;173
F491;3359;7;6;61;0.335;547.311;162
F506;11467;5;7;56;0.306;1715.2;149
F511;2297;7;6;62;0.31;341.109;148
F512;1338;8;5;61;0.248;157.5;117
F546;7780;8;4;72;0.34;1180.78;151
F559;2851;7;9;61;0.279;498;174
F566;5313;7;5;66;0.272;701.131;131
F660;784;10;6;74;0.298;127.5;162
F744;1297;4;8;38;0.308;209;161
F762;1673;8;8;58;0.323;288.427;172
F798;5373;6;5;58;0.329;789.793;146
F988;4203;5;8;51;0.251;642.859;152
G165;2145;6;10;56;0.33;477.274;222
G242;1830;10;2;72;0.404;243.115;132
G340;663;10;7;64;0.327;117.464;177
G370;2384;8;6;68;0.272;314.38;131
G519;349;0;0;74;0.192;16.769;48
G611;2348;8;8;63;0.277;369.247;157
G629;1553;10;9;74;0.281;313.208;201
G990;2944;5;6;51;0.333;454.225;154
H006;3764;6;3;55;0.343;472.965;125
H097;1865;9;2;67;0.306;212.521;113
H128;1938;8;10;58;0.324;463.354;239
H382;2354;10;4;82;0.333;355.121;150
H438;851;4;2;38;0.278;88.435;103
H592;3591;2;6;21;0.47;738.798;205
H733;772;10;4;74;0.308;104.273;135
H975;1185;10;8;74;0.261;181.314;153
I016;4884;5;4;53;0.318;647.494;132
I034;2530;7;3;59;0.342;330.085;130
I061;771;10;8;72;0.227;115.277;149
I129;1558;9;2;66;0.3;177.362;113
I163;1643;7;8;56;0.252;240.559;146
I219;1402;9;7;65;0.325;228;162
I264;1539;10;4;71;0.249;172.397;112
I279;801;10;8;74;0.343;160.144;199
I280;730;9;4;60;0.316;103.725;142
I281;4250;4;4;41;0.333;584.884;137
I301;1256;9;10;63;0.266;266.27;211
I357;2208;7;9;61;0.254;369.496;167
I471;1140;8;10;61;0.265;230.719;202
I493;1234;7;3;54;0.285;148.39;120
I606;842;9;5;60;0.223;95.68;113
I630;7034;6;10;62;0.365;1628.4;231
I756;2933;8;1;66;0.355;302.371;103
I805;12495;7;9;65;0.327;2355.53;188
I843;583;9;10;60;0.313;140;240
I893;3706;6;4;61;0.305;470.5;126
I990;3080;7;9;62;0.291;569.868;185
L004;1583;9;8;66;0.259;237;149
L061;1546;10;3;76;0.315;183.762;118
L062;2377;6;7;57;0.293;355.946;149
L102;1537;10;5;71;0.314;236.901;154
L214;2144;7;9;61;0.197;273.279;127
L272;1324;8;1;62;0.282;88.205;66
L301;549;8;2;56;0.189;40.182;73
L399;993;9;1;63;0.307;87.876;88
L461;889;8;10;57;0.365;221.811;249
L589;2714;5;10;50;0.321;650.477;239
L616;1386;9;3;64;0.31;180.055;129
L739;2537;5;5;51;0.363;400.8;157
L965;995;8;10;55;0.306;218;219
L973;1690;10;5;73;0.279;241.836;143
M130;3289;7;4;62;0.319;458.292;139
M203;1099;9;2;63;0.259;114.482;104
M330;19671;7;4;69;0.359;3055.39;155
A048;20799;1;4;13;0.436;2885.5;138
A055;17184;6;6;61;0.307;2180.73;126
A149;10745;2;8;25;0.494;2217.64;206
A225;70396;2;9;18;0.395;12213;173
A285;100440;9;5;65;0.407;14952.3;148
A662;326344;3;4;33;0.561;65621;201
A669;94814;10;4;68;0.421;14889.6;157
A874;2234;2;6;25;0.554;422.547;189
A883;55422;2;6;27;0.479;9992.55;180
A892;11971;1;4;16;0.396;1494.99;124
A893;55540;2;9;26;0.435;10046.6;180
A894;11278;1;5;15;0.428;1590.46;141
B619;30294;9;2;70;0.448;3902.73;128
B716;15735;2;2;20;0.514;1937.63;123
B923;19890;1;5;7;0.427;2453.72;123
B998;14732;7;6;64;0.392;2418.37;164
C134;19635;1;7;16;0.475;3353.94;170
C436;5775;7;6;68;0.29;669.841;115
C975;26150;4;5;41;0.52;4895.58;187
C983;48312;4;7;39;0.405;7584.03;156
E038;27753;2;7;26;0.432;4397.09;158
E047;20480;1;6;15;0.477;3618.2;176
E155;43872;1;8;8;0.367;5960.55;135
E223;12961;4;10;44;0.31;2256.62;174
E645;14162;2;3;22;0.535;2113.35;149
F220;9032;1;9;8;0.416;1577;174
F262;38515;1;8;14;0.494;6798.87;176
F280;25695;7;3;60;0.518;4580.56;178
F284;59874;3;3;32;0.513;9600;160
F376;49133;1;4;11;0.559;8571.13;174
F915;19283;2;4;20;0.431;2493.85;129
F923;26115;1;8;15;0.436;4310.28;165
G291;21651;1;5;10;0.409;2630.72;121
G769;1450;7;6;53;0.32;187.674;129
G787;18023;5;4;56;0.528;3387.99;187
H096;26859;6;10;55;0.303;4783.34;178
H643;18662;9;7;77;0.362;2909.68;155
H645;25534;2;8;26;0.41;4099.05;160
H749;6566;1;7;13;0.435;1096.31;166
I053;9957;1;8;17;0.413;1592.25;159
I330;26734;1;9;15;0.362;3916.07;146
I907;6621;3;7;32;0.367;1015.5;153
L109;26983;2;10;21;0.469;7960.67;295
L220;8530;2;7;28;0.393;1268.75;148
L328;56217;2;6;25;0.542;11263.7;200
L425;27269;6;10;56;0.344;5945.63;218
L472;13046;2;5;26;0.493;2109.55;161
L571;17993;1;7;16;0.423;2781.39;154
A057;2225;8;3;66;0.249;124.193;55
A058;837;7;3;51;0.334;60.32;72
A129;8252;6;2;60;0.376;596.028;72
A163;18074;9;1;76;0.417;1034;57
A214;5652;0;0;68;0.463;6.418;1
A216;6209;7;2;67;0.308;362.361;58
A217;5749;6;3;61;0.398;500.168;87
A246;13636;8;2;70;0.326;859.869;63
A259;2398;8;2;64;0.362;169.009;70
A304;3206;6;5;59;0.46;370.447;115
A365;4811;6;3;60;0.388;426.495;88
A383;3518;4;1;44;0.382;267.444;76
A440;2718;8;3;65;0.401;244.85;90
A511;188;3;1;27;0.451;16.322;86
A517;543;9;5;58;0.978;163.809;301
A528;7602;6;1;60;0.48;647.399;85
A533;406;4;1;32;0.443;28.5;70
A557;4292;6;6;56;0.444;494.584;115
A631;707;10;4;67;0.511;86.896;122
A664;4342;8;2;66;0.379;390.921;90
A684;1951;9;1;67;0.306;107.38;55
A732;746;4;10;36;0.284;84.755;113
A786;2377;8;1;63;0.357;137.726;57
A794;119381;9;3;65;0.525;16371.5;137
A815;1362;7;3;53;0.347;108.587;79
A846;629;0;0;78;0.231;31.349;49
A903;71;6;1;40;0.294;6.915;97
A937;6151;6;2;62;0.363;448.966;72
A950;6013;6;5;62;0.399;601.563;100
A963;9630;9;2;75;0.32;650.365;67
A962;6670;7;1;64;0.391;445.412;66
B010;1146;0;0;74;0.503;0;0
B083;993;8;5;53;0.344;90.942;91
B088;5148;6;2;60;0.398;383;74
B112;717;6;2;46;0.474;71.958;100
B123;713;3;1;27;0.522;72.529;101
B137;8616;6;2;61;0.412;703.044;81
B138;7892;6;4;61;0.398;763.394;96
B178;6031;5;8;55;0.306;528.893;87
B217;109;9;1;53;0.659;12.356;113
B223;5569;7;2;66;0.392;439.7;78
B393;5958;6;2;58;0.4;445.017;74
B395;5352;5;4;53;0.425;540.323;100
B434;8328;8;3;73;0.458;828;99
B442;4188;6;5;58;0.354;391.041;93
B471;630;4;1;32;0.374;34.797;55
B618;4474;6;4;57;0.407;434.288;97
B661;1270;4;3;37;0.286;83.964;66
B703;8066;6;4;59;0.422;775.581;96
B710;3105;6;1;59;0.456;252.999;81
B731;16049;7;2;64;0.488;1626.84;101
B801;4697;6;6;56;0.341;443.504;94
B803;335;4;10;30;0.707;109.415;326
B854;4656;9;3;73;0.427;434.25;93
B947;4026;7;3;61;0.374;345.149;85
B971;4115;6;5;59;0.329;347.732;84
B978;3273;4;2;46;0.479;275.126;84
C007;109;5;6;39;0.441;20.465;187
C079;10377;8;2;69;0.443;930;89
C255;2916;9;1;69;0.455;225.519;77
C324;3452;4;6;41;0.784;761.165;220
C337;1356;6;7;52;0.338;139.366;102
C396;2624;8;5;64;0.461;301.849;115
C410;1675;6;1;51;0.442;120;71
C456;2545;8;5;67;0.384;260.639;102
C457;3745;8;3;70;0.44;363.931;97
C459;4300;7;3;63;0.363;328.027;76
C506;1610;5;3;43;0.496;183.374;113
C635;3335;6;5;58;0.301;235.164;70
C649;5990;6;4;61;0.436;634.475;105
C728;6394;5;3;52;0.449;584.763;91
C730;5769;4;9;49;0.501;924.272;160
C759;5215;5;6;53;0.387;495.792;95
C800;8610;4;2;47;0.559;1059.58;123
C835;1136;3;8;31;0.404;136.376;120
C894;11133;3;6;40;0.389;1007.27;90
C910;1668;0;0;47;0.333;74.448;44
C937;4331;8;3;67;0.389;365.201;84
D015;968;4;3;35;0.234;50.378;52
D066;1978;8;9;60;0.39;264.6;133
D110;3333;6;4;56;0.4;299.64;89
D103;600;5;1;42;0.52;61;101
D117;9262;7;8;66;0.352;1084.8;117
D126;4041;5;5;52;0.41;392.766;97
D139;3542;6;4;58;0.349;308.221;87
D221;7651;6;2;60;0.436;616.778;80
D233;246;3;10;23;0.369;52;211
D245;23281;8;1;66;0.434;1511.3;64
D352;947;4;10;36;0.36;138.3;146
D406;3496;6;6;56;0.32;297.861;85
D411;1947;6;2;51;0.416;144.3;74
D490;7979;7;2;64;0.408;630.655;79
D491;1293;9;3;69;0.433;123.485;95
D588;3218;6;4;58;0.373;270.602;84
D604;1130;4;6;36;0.388;130;115
D606;3000;6;1;59;0.484;230.176;76
D672;4511;9;1;74;0.379;330.362;73
D684;637;10;2;63;0.455;67.48;105
D688;193;3;10;25;1.189;202.088;1047
D697;3100;5;2;52;0.286;179.59;57
D727;3429;6;4;59;0.36;288.084;84
D817;220;4;2;31;0.571;30.795;139
D903;1012;3;2;30;0.444;98.672;97
D905;5434;7;1;66;0.41;364.442;67
D906;1491;4;1;41;0.336;91.773;61
D943;874;9;3;59;0.33;82.32;94
D952;5092;7;4;63;0.386;466.176;91
E006;6175;5;4;50;0.455;586.98;95
E100;5159;6;1;59;0.396;382.836;74
E103;6610;9;1;74;0.4;506.485;76
E106;1612;3;9;32;0.318;185.009;114
E148;6406;6;3;61;0.509;686.207;107
E189;1213;4;3;35;0.574;161.408;133
E192;910;6;1;45;0.534;86.781;95
E219;7366;6;3;60;0.526;783.815;106
E353;186;4;4;34;0.749;48.513;260
E370;650;5;3;41;0.799;103.147;158
E422;4172;7;1;66;0.557;415.828;99
E509;4531;5;2;50;0.456;385.637;85
E524;612;6;10;45;0.549;130.506;213
E562;3809;7;2;63;0.381;284.301;74
E640;822;4;2;33;0.267;45.797;55
E704;5270;4;9;49;0.443;885.669;168
E751;2792;8;2;63;0.474;257.118;92
E770;912;0;0;76;0.549;0;0
E794;3959;7;6;64;0.397;411.689;103
E901;6815;6;3;60;0.464;662.878;97
E987;10448;7;2;69;0.376;868.989;83
F186;172;6;5;44;0.729;43.982;255
F243;2964;8;2;63;0.408;247.019;83
F276;211;8;1;49;0.441;21.436;101
F328;1150;7;4;56;0.47;153;133
F547;3260;6;1;60;0.38;180.921;55
F720;2554;8;4;68;0.391;255.918;100
F738;2965;9;1;73;0.35;173.166;58
F786;4589;4;2;47;0.435;373.909;81
F791;7481;8;1;70;0.409;516.445;69
F864;11622;7;2;67;0.366;853.086;73
G049;499;5;1;36;0.429;40.553;81
G050;1024;5;7;43;0.535;196.424;191
G054;161;4;2;30;0.4;18.352;113
G068;622;4;3;35;0.346;58.232;93
G075;866;6;1;46;0.976;151.885;175
G108;1770;3;5;31;2.014;781.367;441
G118;155;6;6;41;0.403;26.975;174
G159;5235;8;3;72;0.391;443;84
G160;12443;6;6;59;0.432;1345.15;108
G233;2090;8;4;65;0.438;201.739;96
G249;4055;8;3;71;0.399;380.533;93
G259;4475;0;0;67;0.302;190.814;42
G295;5819;6;4;61;0.414;556.022;95
G346;2751;4;1;45;0.437;173.239;62
G350;362;3;7;23;0.381;53.376;147
G412;6042;7;5;68;0.464;664.943;110
G418;1839;6;8;50;0.27;160.959;87
G564;1460;8;4;58;0.362;143.34;98
G574;1095;3;1;34;0.502;103.479;94
G579;1222;6;2;51;0.597;168.209;137
G583;410;4;8;33;0.938;149.73;365
G588;88;4;7;34;0.484;21.393;243
G774;1602;6;5;50;0.373;144.146;89
F941;1819;4;3;36;0.46;200;109
G853;6849;0;0;74;0.395;12.3;1
G856;11478;6;1;61;0.43;1079.06;94
G864;3301;5;5;49;0.418;326.99;99
G867;4974;6;5;58;0.424;511.839;102
G968;4673;7;1;64;0.337;283.921;60
H020;1853;7;1;55;0.379;135.496;73
H036;1138;4;4;41;0.325;93.2;81
H046;4898;0;0;74;0.407;0;0
H091;1712;5;5;43;0.303;140.599;82
H176;5981;9;3;74;0.334;463.608;77
H177;1207;9;3;64;0.421;125.396;103
H331;881;9;2;59;0.5;100.091;113
H492;3923;6;3;60;0.383;348.243;88
H509;20217;6;4;55;0.389;1671.59;82
H535;424;5;6;37;0.605;87.632;206
H544;766;5;8;43;0.371;113.932;148
H584;928;7;2;49;0.488;103.391;111
H615;4075;3;5;37;0.423;443.504;108
H910;4864;8;5;69;0.321;422.203;86
B310;5591;8;2;72;0.47;540.153;96
I079;4862;6;1;60;0.444;362.127;74
I168;553;6;7;44;0.498;106.023;191
I437;6660;6;7;57;0.48;1088.31;163
I506;10076;6;1;63;0.414;705;69
I530;1201;3;7;33;0.448;194.3;161
I567;2444;8;2;64;0.38;186.372;76
I597;2010;7;2;58;0.994;467.38;232
I628;25182;6;1;57;0.411;1830.96;72
I629;2122;4;5;45;0.556;349.797;164
I812;1785;7;4;55;0.33;153.897;86
I830;719;4;9;36;0.541;116.42;161
I858;9073;6;2;61;0.361;675.884;74
I869;4408;7;2;64;0.334;286.264;64
I873;5385;5;5;53;0.306;483.14;89
I916;1029;9;1;67;0.479;95.755;93
I919;5700;6;4;58;0.418;535.405;93
I951;13018;6;2;59;0.44;1016.51;78
I986;1083;0;0;59;0.308;51.762;47
I997;3846;9;3;72;0.386;327.754;85
L037;576;4;8;32;0.528;114.86;199
L073;2101;8;4;63;0.364;201.877;96
L087;5050;5;3;56;0.383;396.662;78
L118;8014;6;5;56;0.292;605.218;75
L251;8690;9;1;81;0.335;483.41;55
L265;2436;7;2;61;0.38;182.662;74
L276;1068;10;5;76;0.383;120.034;112
L388;9951;9;2;74;0.387;780.848;78
L400;29706;6;7;56;0.502;4262.28;143
L404;10682;7;3;68;0.409;941.587;88
C789;1394;5;2;45;0.364;113;81
L502;9735;9;1;74;0.41;677.118;69
L544;1065;3;4;35;0.589;158.397;148
L545;4229;6;3;56;0.391;349.831;82
L579;597;5;2;38;0.379;50.986;85
L623;136;3;7;29;0.888;45.435;334
L642;204;0;0;66;0.459;9.748;47
L655;278;4;3;34;0.414;35.04;126
L707;204;4;7;35;0.438;35.4;173
L752;7663;4;4;48;0.444;690.792;90
L753;8018;5;3;55;0.379;655.226;81
L795;4720;4;4;44;0.39;425.186;90
L827;1120;4;5;39;0.347;91.108;81
L865;1348;0;0;72;0.476;0;0
L894;592;5;6;43;0.365;74.459;125
L929;4723;8;1;67;0.436;398.118;84
A215;6712;0;0;65;0.424;0;0
L936;6668;9;1;80;0.35;409.55;61
L938;1920;5;1;42;0.42;133.275;69
M045;8006;5;1;50;0.398;561.536;70
M050;1493;3;3;30;0.35;122.896;82
M144;2720;7;1;62;0.396;200.762;73
M147;8616;7;2;63;0.405;683.928;79
M184;9029;6;3;60;0.416;819.312;90
D111;933;6;2;46;0.472;100.009;107
A193;676;6;2;46;0.468;62.951;93
D016;312;6;9;41;0.52;72.725;233
F085;2332;9;4;68;0.298;163.385;70
I813;2079;7;3;59;0.323;155.677;74
M333;3918;5;2;51;0.365;263.382;67
M334;4397;5;9;49;0.328;478.362;108
A107;346;6;1;43;0.426;30.541;88
A280;3274;3;3;31;0.472;401.784;122
A784;1169;8;6;59;0.429;141.303;120
A859;44733;7;8;62;0.516;8348.72;186
A876;922;6;8;46;0.306;103.3;112
B058;899;7;4;51;0.444;104;115
B229;2054;8;4;67;0.411;241.296;117
B417;134;2;1;15;1.054;25.924;193
B457;368;2;4;17;0.498;53.912;146
B465;1167;6;1;52;0.467;107.404;92
B508;161;5;9;35;0.523;43.483;270
B586;7740;5;7;55;0.422;1050.33;135
B708;189;7;1;46;0.684;29.423;155
B933;422;3;2;29;0.374;40.652;96
C155;820;8;5;55;0.828;186.284;227
C363;3591;5;2;52;0.514;482.548;134
C526;636;8;1;55;0.832;84.702;133
C532;2913;7;3;61;0.422;264.344;90
C819;1875;7;1;54;0.444;189.748;101
D094;14804;0;0;75;0.441;129.929;8
D165;1545;6;2;51;0.572;201.181;130
D182;325;6;1;42;0.305;24.349;74
D219;469;3;5;25;0.469;72.097;153
D339;693;6;2;44;0.49;85.885;123
D350;516;3;4;27;0.729;89.406;173
D848;3825;6;5;58;0.505;518.209;135
E024;129;3;1;27;0.471;10.505;81
E130;1559;4;4;39;0.366;170.897;109
E552;2440;7;2;58;0.507;285.802;117
E821;410;4;7;35;0.42;60.33;147
F037;550;5;6;39;0.369;66.677;121
F042;2129;7;2;63;0.541;284.496;133
F167;521;3;1;27;0.408;46.282;88
F189;624;2;2;22;0.528;72.9;116
F369;3883;8;2;68;0.446;442.252;113
F776;1437;4;6;42;0.361;156.823;109
F833;609;7;6;49;0.424;88.145;144
F878;1009;3;2;34;0.389;100.757;99
F992;4005;7;1;63;0.429;335.517;83
F993;2776;8;6;64;0.408;348.569;125
G521;1462;5;6;42;0.341;166.003;113
G577;510;3;1;30;0.446;44.731;87
G594;193;2;3;22;0.717;40.92;212
G798;2109;6;3;52;0.424;232.994;110
G820;3827;4;5;46;0.547;631.798;165
G927;1269;7;4;56;0.337;124.457;98
G980;2510;3;5;35;0.367;265.897;105
G974;2180;7;1;59;0.572;283.778;130
H103;1432;9;1;63;1.029;211.154;147
H145;208;4;7;30;0.47;37.286;179
H538;1518;6;4;51;0.354;159.463;105
H553;898;6;1;45;0.407;64;71
H561;108;4;4;33;0.654;24.94;230
H662;1637;4;8;35;0.312;199.085;121
H681;587;3;1;26;0.482;51.846;88
H726;1974;4;5;36;0.331;187.672;95
H821;2720;5;4;50;0.47;306.175;112
I074;136;4;10;32;0.413;37.307;274
I596;93;3;3;26;0.525;16.629;178
I835;726;7;6;49;0.321;78.205;107
I847;1373;3;2;34;0.381;122.289;89
I868;774;9;4;57;0.437;93.016;120
I980;1083;0;0;42;0.412;0;0
L075;942;3;4;31;0.394;101.72;107
L116;292;8;3;49;0.415;34.302;117
L193;2527;6;4;56;0.437;298.355;118
L239;213;10;1;60;1.248;37.14;174
L436;5764;5;6;50;0.438;738.546;128
L556;2470;9;2;70;0.521;346.421;140
L586;226;10;1;61;0.422;16.041;70
L606;3403;5;9;49;0.423;497.327;146
L620;1024;6;10;50;0.269;132.184;129
L712;506;2;2;23;0.42;55.666;110
L785;1257;10;1;73;0.738;167.161;132
L880;7866;6;9;57;0.513;1471.8;187
L933;374;6;3;44;0.539;57.631;154
L978;192;4;1;33;0.454;19.976;104
M098;1418;3;3;33;0.667;244.353;172
M179;410;3;8;24;0.363;54.9;133
M196;1209;4;4;36;0.503;160.963;133
M201;1068;5;9;45;0.274;121.853;114
M304;1526;7;5;58;0.364;180.176;118
A083;4124;10;4;80;0.468;549.113;133
A121;2827;10;4;81;0.268;237.58;84
A206;1224;10;6;80;0.468;243.391;198
A443;2368;0;0;81;0.307;0;0
A501;3350;9;5;78;0.563;792.985;236
A757;35870;9;6;72;0.385;4544.01;126
A982;781;10;10;64;0.669;255.154;326
B375;2085;10;5;79;0.436;323.995;155
C458;1311;10;2;80;0.468;166.862;127
C577;4029;10;2;84;0.299;323.45;80
C630;1377;10;2;78;0.345;129.105;93
C672;393;10;6;64;0.594;89.988;228
C872;360;10;7;80;0.468;72.709;201
C920;2238;8;5;64;0.397;296.214;132
A266;5907;5;7;54;1.04;2724.34;461
D247;463;10;2;72;0.509;62;133
D330;2441;10;4;79;0.381;298.398;122
D470;1951;10;8;80;0.468;458.619;235
D506;2639;10;3;78;0.308;221.274;83
D530;20649;10;4;82;0.374;2167.63;104
D686;3228;10;5;80;0.32;331.884;102
B574;1131;10;3;80;0.468;160.586;141
D726;2330;10;4;79;0.391;313.57;134
E113;644;10;4;80;0.468;107.945;167
E429;2887;10;3;81;0.292;245.093;84
E490;1108;10;1;80;0.468;94.804;85
C562;3017;10;3;84;0.343;276.981;91
E588;5209;6;1;60;0.391;415.422;79
E622;1314;10;9;80;0.468;345.547;262
E687;549;10;8;79;0.412;100.009;182
E708;1383;10;1;81;0.378;139.567;100
F094;5984;5;3;55;0.326;470.709;78
G169;292;10;7;78;0.306;40.142;137
G404;4453;10;1;80;0.372;366.77;82
G442;380;10;6;78;0.447;59.32;156
G638;1872;10;4;78;0.465;234.156;125
G642;3794;7;8;65;0.525;794.267;209
B662;8363;10;4;82;0.317;832.736;99
H092;2483;10;3;78;0.309;215.508;86
H327;634;10;2;80;0.468;80.853;127
H379;1256;10;9;80;0.468;314.791;250
H938;1613;0;0;89;0.243;0.832;0
I063;406;10;4;71;0.464;61.721;152
I088;1624;9;1;67;0.398;131.715;81
I206;6807;0;0;84;0.276;347.468;51
I347;644;10;2;80;0.468;92.583;143
C919;2609;7;3;61;0.44;320;122
I392;1857;9;6;63;0.658;429.761;231
I421;1317;9;1;67;0.636;212.95;161
I563;9997;5;1;51;0.409;806.354;80
I592;520;10;10;80;0.468;172.529;331
I626;2448;10;2;81;0.282;172.134;70
I866;3140;10;2;88;0.262;231;73
I876;389;10;3;80;0.282;33.622;86
I673;1444;0;0;79;0.283;0;0
L030;1759;10;1;80;0.468;192.615;109
L040;1371;10;1;78;0.602;225.738;164
L422;4868;8;4;69;0.296;384.884;79
L584;489;10;4;80;0.468;77.673;158
L590;1964;7;8;56;0.393;293.013;149
L890;1440;10;2;76;0.473;189.205;131
M108;853;9;8;58;0.564;190.958;223
M124;862;10;2;80;0.468;103.049;119
I345;912;10;9;76;0.491;237.538;260
M189;229;10;2;76;0.214;18.669;81
M332;3237;10;1;86;0.341;272.977;84
M342;5359;8;8;72;0.455;883.165;164
A110;8195;9;5;76;0.328;1300.64;158
A265;2797;8;4;64;0.423;499.891;178
A328;5686;9;3;76;0.318;661.223;116
A330;2658;10;1;82;0.242;199.208;74
A431;1992;9;7;68;0.314;319.396;160
A432;761;10;10;68;0.24;166.297;218
A696;2397;8;4;67;0.234;265.748;110
A783;60091;9;10;63;0.406;18026.1;299
A970;1448;10;9;84;0.281;263.663;182
B239;2100;9;1;68;0.407;254.281;121
B267;1730;9;4;68;0.279;228.716;132
B444;2682;7;3;59;0.238;249.056;92
B541;1072;7;8;55;0.188;124.82;116
B542;1546;7;1;56;0.386;175.504;113
B873;1378;8;10;58;0.217;390.245;283
C106;916;8;10;54;0.195;139.26;152
C245;1483;9;5;64;0.193;140.41;94
C250;1254;8;7;59;0.246;171.515;136
C280;2562;10;4;76;0.295;325.323;126
C284;1240;10;7;71;0.157;117.297;94
C359;2044;10;2;79;0.349;258.21;126
C476;3415;6;2;58;0.338;388.859;113
C525;3940;9;7;74;0.292;618.307;156
C719;2388;9;1;73;0.231;172.75;72
C846;2431;8;6;66;0.262;345.298;142
D230;4091;7;3;61;0.292;439.154;107
D380;2798;10;2;87;0.303;303.606;108
D386;2230;10;2;83;0.4;305.036;136
D469;3634;8;1;71;0.231;221.019;60
D644;3385;7;3;65;0.392;505.247;149
D650;1410;7;3;58;0.212;131.37;93
D693;1235;10;5;78;0.361;205.986;166
D755;1049;6;1;52;0.269;62.656;59
D756;1840;9;6;63;0.215;218.738;118
D784;2318;8;4;65;0.403;405.7;175
E034;476;10;6;79;0.257;73.418;154
E249;5078;10;1;87;0.321;420.124;82
E589;4073;7;2;64;0.38;536.123;131
F113;1858;7;9;53;0.282;328.742;176
F274;4094;10;2;86;0.329;464.768;113
F287;1618;9;1;66;0.322;120;74
F494;1525;10;3;80;0.243;172.787;113
F636;13500;9;5;82;0.402;2333.15;172
F717;4932;8;2;70;0.23;450.104;91
G227;3978;8;3;71;0.246;398.771;100
G243;2406;9;1;73;0.34;269.565;112
G311;2130;10;4;77;0.264;233;109
G318;2072;10;2;83;0.374;280.19;135
G386;1633;10;1;70;0.306;158.243;96
G494;1972;9;5;64;0.239;233.526;118
G626;545;10;9;69;0.259;98.124;180
G631;3114;10;1;79;0.366;397.998;127
G827;2580;7;4;61;0.278;340.692;132
G848;2167;9;1;69;0.288;191.443;88
H087;1349;9;4;67;0.386;232.611;172
H227;1210;9;4;68;0.207;115.32;95
H764;4867;4;6;48;0.273;678.388;139
H894;10022;7;2;67;0.385;1334.68;133
H898;2994;8;5;65;0.167;249.712;83
H953;3106;10;1;82;0.265;245.78;79
H955;2227;7;3;60;0.334;288.343;129
H967;2154;10;5;94;0.25;259.161;120
H973;801;10;1;66;0.361;87.99;109
H984;3371;8;1;66;0.276;281.537;83
I002;1230;10;5;71;0.303;171.307;139
I049;884;10;6;68;0.331;146.867;166
I062;3722;7;1;65;0.315;376.364;101
I145;3999;7;4;61;0.419;666.743;166
I179;927;10;5;67;0.28;130.357;140
I197;11216;7;7;66;0.322;1718.7;153
I277;4325;10;3;81;0.267;440;101
I455;618;9;3;63;0.268;70.03;113
I809;3820;10;1;87;0.33;415.324;108
L086;7486;7;2;68;0.486;1290.76;172
L185;1508;10;2;73;0.34;172.746;114
L254;3407;6;2;57;0.31;361.445;106
M093;2944;9;5;69;0.279;359.422;122
F557;573;10;9;68;0.235;95.503;166
A324;12267;8;7;74;0.528;2003.55;163
A392;9844;6;7;61;0.618;1772.25;180
A665;6951;8;9;70;0.389;1052.75;151
A785;5469;8;5;74;0.946;1548;283
A944;386663;5;7;43;0.555;73326.7;189
B044;3288;3;3;35;0.582;415.455;126
B249;18412;9;8;77;0.473;3062.47;166
B399;13196;5;4;56;0.689;2185.32;165
B572;1885;3;8;27;0.63;440.379;233
B880;36327;8;7;66;0.358;4821.62;132
B892;3438;5;3;51;0.655;526.715;153
C075;1906;4;5;39;0.632;367.453;192
C086;1246;7;1;53;0.816;213.839;171
B969;3448;3;8;39;0.468;520;150
C121;4455;7;3;65;0.98;1018.72;228
C185;6550;8;5;69;0.415;828.685;126
C204;18231;4;9;43;0.5;2973.6;163
C265;20811;6;3;52;0.773;3665.54;176
C292;14925;7;1;64;0.701;2021.12;135
C296;5648;3;7;34;0.626;1049.48;185
D166;13465;8;4;71;0.487;1724.94;128
D360;6652;7;2;63;0.898;1203.36;180
D668;1943;5;1;45;0.656;266.751;137
D847;4878;6;7;54;0.715;1016.83;208
D878;5439;9;7;74;0.441;801.89;147
E135;2196;4;9;39;0.547;419.982;191
E136;11910;5;8;53;0.709;2496;209
E187;3916;3;6;35;0.488;597.624;152
E289;69797;7;2;51;0.63;9093.6;130
A771;2212;4;8;43;0.852;680.07;307
E655;4294;4;5;45;0.547;700.628;163
E844;8943;5;8;53;0.468;1311.07;146
B689;6779;6;5;57;0.491;857.494;126
F083;16739;5;3;51;0.585;2073.76;123
F219;8793;5;4;50;0.484;1134.12;128
F288;15797;3;6;37;0.544;2301.71;145
F363;3749;5;4;49;0.802;829.116;221
F597;6035;3;5;37;0.54;925.385;153
F627;10982;10;5;82;0.422;1464.05;133
F706;6328;3;9;37;0.523;1127.41;178
F718;4760;6;3;60;0.772;811.648;170
G205;13596;3;8;41;0.499;2107.11;154
G570;17460;5;3;50;0.611;2429.59;139
G643;7019;8;4;70;0.469;903.608;128
A558;4764;4;10;41;0.533;1041.41;218
H678;8353;7;4;64;0.525;1101.46;131
G566;4315;4;9;47;0.599;897.072;207
H896;8512;9;7;74;0.514;1522.1;178
G467;27982;10;2;78;0.571;3600.5;128
H945;32065;4;8;45;0.5;5150;160
I110;12202;8;8;70;0.441;1900.29;155
I191;7291;8;2;71;0.591;958.065;131
G972;14735;9;3;78;0.544;2144.5;145
L762;7639;3;6;38;0.501;1084.4;141
M185;18770;7;8;67;0.467;2988.11;159
M320;30561;8;6;67;0.522;4823.62;157
B180;88302;3;10;27;0.502;26842.1;303
B809;16615;3;5;34;0.532;3338.99;200
C424;20076;5;7;47;0.387;3495.01;174
C448;6655;1;9;17;0.446;1206.25;181
C741;11611;2;4;23;0.456;1925.5;165
D422;8840;7;9;64;0.38;1582.99;179
D508;39780;8;5;66;0.546;9308.73;234
D761;36641;6;6;52;0.428;6233.58;170
E471;14671;7;5;68;0.391;2024.23;137
F152;27164;7;6;59;0.458;4743.17;174
G098;15296;4;6;50;0.372;2160.7;141
G187;31318;7;6;62;0.533;7257.6;231
H822;6768;2;5;27;0.415;916.253;135
I045;6351;6;5;62;0.355;872.16;137
I066;10050;6;4;63;0.432;1568.59;156
I119;13786;4;9;44;0.41;2730.09;198
I396;19360;7;3;66;0.367;2331.47;120
L213;5477;1;6;13;0.555;1117.14;203
L280;10595;6;5;63;0.393;1538.19;145
L920;9305;7;7;63;0.295;1172.73;126
A034;1591;7;1;57;0.511;142;89
A060;7086;8;1;69;0.331;458;64
A082;1790;6;5;52;0.451;196.2;109
A188;2513;3;1;37;0.5;214;85
A288;486;4;3;32;0.662;83.284;171
A293;2447;3;5;30;0.417;244.467;99
A451;3660;5;1;51;0.451;320.463;87
A529;3158;9;6;77;0.378;350;110
A569;12775;9;1;82;0.418;1126.08;88
A578;3897;4;1;45;0.567;382.599;98
A630;2327;4;2;38;0.439;218;93
A661;1189;5;2;45;0.405;96.961;81
A702;2337;10;9;77;0.27;240;102
A729;12296;8;3;72;0.444;1168.52;95
A799;2730;9;7;74;0.352;285.064;104
A816;1671;0;0;45;0.332;0;0
A817;2475;5;4;46;0.429;235.871;95
A861;3488;8;5;70;0.369;386.584;110
A878;1386;4;5;35;0.54;171.726;123
B035;5423;4;1;44;0.474;421.268;77
B040;9264;8;2;74;0.441;868.131;93
B054;2630;4;7;39;0.684;529.899;201
B091;10914;10;3;83;0.365;976.778;89
B100;2226;2;1;22;0.544;245;110
B102;7516;9;8;75;0.339;838.111;111
B120;1667;3;2;35;0.395;118;70
B124;683;3;4;28;0.466;68.88;100
B149;4853;5;3;50;0.488;563.335;116
B157;196480;4;2;39;0.719;29541.6;150
B184;714;2;9;20;0.416;93;130
B365;2151;3;6;33;0.501;261.161;121
B394;12924;8;5;69;0.428;1389.59;107
B436;3583;9;6;72;0.377;405.017;113
B450;8491;0;0;71;0.512;20.622;2
B664;2440;4;2;38;0.472;243.818;99
B676;369;3;5;26;0.341;40.847;110
B698;4674;9;5;74;0.406;497.103;106
B711;9397;6;2;61;0.519;947.861;100
B817;13012;6;4;59;0.42;1242.74;95
C055;8334;8;2;69;0.451;721.55;86
C072;6583;9;5;81;0.365;675.168;102
C208;11056;9;3;77;0.347;905.965;81
C293;11457;8;7;73;0.43;1414.59;123
C330;1778;5;2;42;0.411;134.35;75
C332;7116;9;2;78;0.356;584.182;82
C408;10996;9;1;77;0.518;887.203;80
C417;1223;0;0;52;0.309;0;0
C439;4941;7;4;62;0.624;778.907;157
C549;660;5;3;41;0.413;66.822;101
C585;1912;3;2;34;0.478;185.363;96
C591;898;0;0;48;0.416;0;0
C618;18887;5;3;56;0.603;2508.86;132
C685;1564;6;1;50;0.614;142.44;91
C691;551;4;5;36;0.384;63;114
C760;2733;5;4;47;0.508;323.657;118
C806;8767;9;4;78;0.368;827.853;94
C850;4622;9;4;75;0.397;498.117;107
C883;2108;1;2;5;0.461;204.018;96
C893;7667;8;6;70;0.323;664.609;86
C925;3803;8;5;71;0.328;347;91
C948;15465;9;2;75;0.42;1346;87
D058;7233;7;3;63;0.504;739.947;102
D064;1976;2;6;20;0.69;367.238;185
D082;1416;4;1;39;0.424;98;69
D251;15599;5;4;56;0.531;1932.34;123
D270;5720;4;1;44;0.416;370;64
D284;28650;8;5;67;0.57;4414.97;154
D391;4572;5;5;51;0.475;627.579;137
D421;8633;8;2;72;0.593;980.315;113
D434;5300;5;7;52;0.465;687.736;129
D576;2074;10;4;77;0.347;194.344;93
D634;8732;9;7;79;0.419;1055.34;120
D891;4710;9;1;76;0.417;326.848;69
D917;2660;8;10;64;0.686;873.818;328
D918;11657;8;9;70;0.309;1300.42;111
D924;2934;2;9;23;0.752;700;238
D940;12056;8;6;71;0.472;1715.05;142
D999;18905;8;3;73;0.396;1785.52;94
E010;2160;7;6;61;0.405;264.041;122
E116;5249;8;2;72;0.424;468.187;89
E271;16753;9;2;76;0.49;1805.81;107
E280;1966;5;2;45;0.882;362.633;184
E297;385;5;1;38;0.307;24.108;62
E325;132;1;1;8;0.683;12.876;97
E333;9179;6;8;60;0.664;1991.66;216
E364;4079;8;3;71;0.531;495.599;121
E497;555;2;6;21;0.461;67.008;120
E526;14387;6;1;59;0.43;1156.01;80
E596;1181;6;2;51;2.473;783.319;663
E652;1698;3;6;29;0.458;183.488;108
E654;3819;8;1;68;0.401;264.229;69
M312;16246;8;5;72;0.52;2199.79;135
E673;576;10;10;71;0.336;94.327;163
E698;608;0;0;32;0.295;31.428;51
E706;398;3;3;29;0.533;57.369;144
E738;22644;9;6;68;0.433;2694.89;119
E787;1480;10;3;74;0.551;175;118
E800;142;2;6;21;0.593;31.069;218
E841;3501;6;4;56;0.326;264.541;75
E851;2037;8;7;66;0.331;231.948;113
E865;3261;5;4;53;0.394;338;103
E883;5287;7;1;68;1.103;1425.47;269
E884;13083;9;3;78;0.563;1652.92;126
E928;4364;3;5;37;0.506;495.634;113
E961;675;1;4;11;0.432;75.693;112
E967;3238;8;2;69;0.487;323.586;99
F063;12222;9;5;76;0.378;1169.98;95
F216;1784;10;3;75;0.429;196.01;109
F373;2533;8;3;64;0.937;695;274
F375;555;4;2;33;0.462;60.137;108
F532;1754;5;9;42;0.469;287.455;163
F672;4516;9;2;75;0.435;427.153;94
F471;25198;0;0;74;0.492;117.239;4
F680;5165;4;5;43;0.597;680;131
F806;796;5;5;43;0.375;73.939;92
F820;2641;10;2;76;0.403;224.775;85
F851;11029;8;3;72;0.439;1306.27;118
F884;1978;3;6;31;0.492;277.208;140
F989;3992;9;7;72;0.378;459.212;115
F990;4696;4;4;45;0.544;581.226;123
G001;1985;10;5;71;0.362;199.677;100
G006;4134;6;1;59;0.441;327.067;79
G061;3205;7;9;61;0.331;342.65;106
G074;994;3;8;29;0.355;119.882;120
G149;12644;9;1;75;0.489;1107.27;87
G150;2498;10;4;78;0.473;313.323;125
G170;14509;5;3;53;0.445;1274.8;87
G179;1451;2;7;23;0.372;150.1;103
G213;4458;7;8;64;0.58;910;204
G217;3734;9;2;77;0.432;326.973;87
G247;183;4;3;29;0.396;21.328;116
G248;2130;3;4;36;0.602;258.972;121
G264;20134;9;1;72;0.429;1565.27;77
G327;4714;3;4;36;0.665;663.835;140
G354;614;4;6;34;0.335;64.244;104
G361;7098;9;1;80;0.52;676.185;95
G391;2794;6;2;52;0.498;256.563;91
G407;4552;10;1;80;0.403;394.525;86
G474;563;3;3;26;0.338;49.684;88
G475;651;4;2;32;0.318;51.726;79
G529;1500;1;5;14;0.346;117.478;78
G546;4638;5;3;49;0.555;513.4;110
G710;8022;6;7;58;0.435;1074.46;133
G779;2555;9;6;74;0.357;265.302;103
G801;2611;9;9;73;0.381;384.561;147
G815;3855;9;1;75;0.401;253.674;65
G818;5283;9;4;81;0.318;426.906;80
G844;1729;4;2;37;1.649;704.982;407
G859;7105;8;1;72;0.535;709.138;99
G869;6935;8;3;72;0.359;527.395;76
G959;3497;7;6;62;0.413;414.819;118
G977;3009;9;2;79;0.367;258.005;85
H043;1514;3;4;29;0.437;131.816;87
H050;375;6;10;42;0.398;80.868;215
H055;6999;9;4;76;0.4;658.972;94
H078;7318;8;5;70;0.399;761.19;104
H077;918;2;5;19;0.28;70.613;76
H086;3410;7;6;66;0.475;459.65;134
H140;6250;8;1;70;0.459;482.459;77
H230;3425;3;1;39;0.564;336.765;98
H256;13472;9;4;75;0.388;1258.4;93
H410;4920;9;5;74;0.419;562.894;114
H477;9504;9;1;74;0.515;850;89
H484;4574;9;2;75;0.495;467.218;102
H525;9538;8;5;70;0.526;1333;139
H598;19209;8;3;70;0.467;1967.19;102
H630;5830;7;8;65;0.365;646.922;110
H650;3905;8;2;70;0.384;320.005;81
H699;3362;5;4;53;0.541;420;124
H717;10693;2;6;30;0.725;1874.12;175
H838;3391;5;1;52;1.07;759.554;223
H865;2531;4;3;40;0.474;246.325;97
I412;4673;9;4;74;0.454;489.76;104
I433;13553;3;1;40;0.576;1210.92;89
I476;916;0;0;43;0.378;0;0
I588;1466;0;0;48;0.328;0;0
I607;1471;8;5;62;0.438;176.09;119
I631;3023;4;1;46;0.56;297.561;98
I633;8137;4;1;48;1.117;2180.15;267
I782;1896;10;8;73;0.465;303.498;160
I831;1264;5;4;46;0.424;140.049;110
L002;1917;10;4;73;0.51;256.558;133
C698;1303;1;10;8;0.372;159;122
L094;1105;3;8;30;0.852;323.072;292
L169;1256;4;7;38;0.938;441.193;351
L210;6522;9;6;77;0.371;704.754;108
L312;7990;3;4;35;0.722;1477.2;184
L339;13910;0;0;73;0.375;0;0
L372;2100;3;3;37;1.007;577.567;275
L380;5401;9;4;76;0.263;383.222;70
L406;545;3;5;27;0.265;40.421;74
L494;3876;9;5;75;0.325;348.324;89
L626;1405;10;4;79;0.528;200.46;142
L468;184;2;10;15;0.518;52;282
L777;8226;4;1;49;0.626;819.14;99
L778;3842;9;1;73;0.451;320;83
L812;4390;4;2;42;0.541;418.275;95
L816;1457;2;8;26;0.547;264.571;181
L919;11004;7;3;66;0.435;1069.41;97
L923;1463;10;2;76;0.342;126.371;86
L995;5773;8;3;69;0.46;620.275;107
M065;691;3;10;26;0.518;171.248;247
M070;2002;9;4;68;0.538;260.102;129
M104;8103;8;5;71;0.377;815.968;100
M188;1076;7;7;54;0.444;171.856;159
G549;4640;6;4;57;0.414;488.68;105
A050;672;1;9;7;0.284;81.358;121
A616;2673;1;2;12;0.327;187.155;70
A930;8058;5;1;52;0.326;483.623;60
A971;1384;1;3;8;0.396;139.717;100
B295;1273;1;1;0;0.356;80.712;63
B519;49431;1;9;12;0.439;7176.67;145
B522;646;1;10;4;0.58;152.16;235
B528;2570;2;2;23;0.363;198.747;77
B544;839;1;10;4;0.368;144.062;171
B550;7712;2;5;27;0.626;1374.57;178
B858;2135;1;5;13;0.375;234.31;109
B871;564;0;0;0;0.279;22.505;39
C066;312;1;9;8;0.454;69.147;221
C175;545;0;4;0;0.354;54.284;99
C197;1505;1;4;1;0.33;141.041;93
C346;947;3;2;30;0.358;73.703;77
C486;3777;9;8;78;0.171;246.776;65
C488;681;10;8;77;0.284;89;130
C764;417;1;9;0;0.333;64.722;155
C854;807;1;8;0;0.396;105.126;130
C875;1938;0;3;0;0.374;175.229;90
C772;405;2;5;22;0.434;61.243;151
D550;3344;2;2;26;0.398;266.072;79
D737;1345;6;6;49;0.207;101.833;75
D896;1464;3;7;31;0.3;164.779;112
E030;809;8;8;54;0.243;94.027;116
E244;1065;1;5;0;0.415;124.971;117
E248;801;1;8;7;0.357;95.521;119
E259;5321;5;2;55;0.323;412;77
E381;1781;7;5;54;0.243;135;75
E456;6793;4;2;46;0.346;555.126;81
E599;768;8;5;54;0.217;61.688;80
E722;696;1;6;11;0.361;85.422;122
E748;505;1;2;3;0.345;50.288;99
E780;576;0;7;0;0.327;68.558;119
E799;1211;1;9;2;0.324;117.632;97
F055;1115;1;10;2;0.224;116.472;104
F233;2180;3;1;32;0.406;158.889;72
F294;167;0;9;0;0.23;19.015;113
F322;523;1;8;12;0.314;71.535;136
F391;1086;10;5;70;0.282;104.781;96
F475;1348;9;9;63;0.315;209.497;155
F495;1556;1;9;4;0.349;201.256;129
F548;365;1;6;2;0.468;56.351;154
F569;395;1;9;9;0.288;55.952;141
F576;6675;3;8;41;0.459;1178.37;176
F689;437;1;5;6;0.377;54.313;124
F748;587;0;4;0;0.316;60;102
G086;1641;1;9;4;0.27;153.264;93
G257;1726;1;1;9;0.347;107.399;62
G506;3819;7;1;63;0.361;317.923;83
G512;1170;1;4;4;0.374;104.812;89
G609;1375;1;4;14;0.361;146.323;106
G610;215;5;4;38;0.482;38.6;179
G910;2551;8;7;65;0.386;341.929;134
H083;119;0;8;0;0.474;29.272;245
H273;5262;6;1;61;0.847;565.58;107
H311;514;1;7;7;0.357;71.863;139
H313;3114;1;7;16;0.373;337.439;108
H454;815;2;1;19;0.344;57.223;70
H589;1212;1;8;8;0.328;130.904;108
H693;683;7;5;52;0.281;60.187;88
H782;189;10;10;69;0.205;50.775;268
H833;634;9;5;62;0.287;68.453;107
H867;1406;6;7;51;0.37;181.372;128
H920;580;8;10;54;0.243;81.938;141
H928;1029;10;8;77;0.244;121.33;117
H929;1042;0;4;0;0.334;82.885;79
H990;4793;9;4;73;0.285;391.111;81
I023;855;0;5;0;0.604;135.07;157
I122;470;0;4;0;0.405;48.111;102
I181;4435;1;1;0;0.342;292.809;66
I289;352;1;10;9;0.305;56.8;161
I320;1818;1;6;12;0.315;190.629;104
I618;1964;7;2;54;0.362;163.529;83
I910;1320;1;2;4;0.307;87;65
L069;718;1;4;12;0.308;65.04;90
L113;33739;3;9;36;0.471;6387.93;189
L215;795;4;5;33;0.25;68.003;85
L230;1391;1;7;0;0.332;137.85;99
L435;4730;1;4;0;0.387;393.457;83
L458;925;1;2;0;0.299;68.844;74
L505;2693;6;5;57;0.34;295;109
M057;3324;1;5;9;0.351;290.742;87
A106;1369;6;6;53;0.335;241.793;176
A200;7616;6;1;59;0.357;802.687;105
A243;4824;5;2;51;0.308;560.251;116
A403;5365;8;4;73;0.411;921.496;171
A512;53047;5;5;47;0.534;12587.4;237
A579;2197;6;7;54;0.297;324.5;147
A755;6053;6;4;59;0.501;1203.41;198
B361;1824;7;4;56;0.417;321.591;176
B362;5595;6;5;61;0.314;783.46;140
B445;5707;7;2;64;0.445;924.972;162
B477;1943;10;1;78;0.386;150.704;77
B581;5675;1;8;12;0.443;1167.68;205
B667;10094;6;1;60;0.409;857.692;84
B704;1541;4;8;40;0.22;196.919;127
B715;18820;3;4;37;0.516;3863.88;205
B779;7181;6;3;62;0.456;1165.28;162
B781;7283;4;10;44;0.44;3368.18;462
B860;13651;5;4;51;0.435;2419.85;177
B872;21389;5;4;48;0.434;3373.76;157
B916;10078;4;2;46;0.415;1398.53;138
B935;8628;6;4;59;0.425;1575.27;182
B963;76326;6;7;47;0.545;22549.7;295
B494;1581;8;5;62;0.384;282.606;178
C097;1171;4;8;36;0.138;85.887;73
C178;1494;7;3;54;0.28;160.738;107
C211;3858;7;4;61;0.375;612.442;158
C291;25281;2;6;27;0.747;8391.17;331
C558;5031;8;1;70;0.416;657;130
C561;8841;3;3;40;0.38;1244.49;140
C716;426;4;2;32;0.27;48.184;113
C939;1239;9;5;67;0.364;220.174;177
D228;7132;5;2;54;0.482;1215.45;170
D361;2108;8;1;65;0.418;245.276;116
D683;811;2;4;22;0.256;91.271;112
D709;1488;8;3;61;0.331;194.697;130
D769;4922;7;1;63;0.496;648.561;131
D799;9008;4;3;46;0.438;1320.78;146
D884;579;3;4;26;0.25;65.734;113
D886;2154;10;4;81;0.355;363.57;168
E011;647;9;6;59;0.307;99.206;153
E039;3638;5;4;50;0.261;417.562;114
E158;7067;6;6;58;0.459;1550.33;219
E173;11881;3;5;40;0.632;3045.08;256
E554;712;6;2;44;0.336;90.486;127
E570;1153;7;1;56;0.286;98.35;85
E754;15362;6;3;59;0.442;2528.24;164
E784;10609;4;5;49;0.389;1659.94;156
E791;39166;4;7;39;0.478;8409.27;214
E932;39803;6;7;56;0.461;8662.57;217
E998;2226;4;8;43;0.335;397.769;178
F203;3250;8;1;71;0.322;359.304;110
F352;28624;4;6;44;0.469;6446.71;225
G130;27191;3;8;36;0.347;4463.3;164
G333;11442;8;3;74;0.416;1783.15;155
G364;3033;5;2;51;0.661;621.458;204
G541;2390;8;2;64;0.379;318.392;133
G596;11297;5;9;50;0.369;2628.28;232
G620;4722;5;1;53;0.465;350;74
G630;2984;7;5;58;0.275;381.203;127
G661;6084;5;9;52;0.436;1552.26;255
G849;1703;5;10;45;0.415;545.705;320
G903;7802;5;2;55;0.447;1188.79;152
G991;1502;0;0;50;0.269;78.046;51
G995;1565;1;4;9;0.237;151.545;96
H045;1766;10;5;73;0.305;279.064;158
H202;1319;3;5;34;0.234;142.013;107
H210;7773;6;3;60;0.472;1292.94;166
H268;2321;6;3;52;0.424;401.998;173
H398;3283;8;4;70;0.254;378.39;115
H423;3511;7;3;65;0.405;544.51;155
H436;856;10;1;64;0.409;108.778;127
H459;460;9;3;53;0.387;71.572;155
H165;1655;5;7;46;0.219;198.295;119
H798;13653;6;4;61;0.394;2162.69;158
H834;17568;5;9;56;0.374;3793.79;215
H939;988;10;5;69;0.273;137.455;139
H978;14155;1;5;12;0.458;2717.64;191
I056;22448;0;0;29;0.385;0;0
I113;944;9;7;59;0.326;168.726;178
I130;1925;5;9;47;0.338;384.64;199
I131;12345;4;3;48;0.449;1854.47;150
I233;14022;8;4;73;0.382;2262.14;161
I234;32802;6;9;53;0.53;9730.86;296
I247;2729;6;3;56;0.454;446.471;163
I261;5549;6;1;61;0.49;806;145
I273;2270;5;4;47;0.219;224.323;98
I306;14307;3;10;40;0.404;3634.49;254
I676;21727;9;9;68;0.476;7061.79;325
I885;7429;7;2;66;0.458;1125.59;151
I993;8457;5;4;51;0.409;1374.45;162
L083;12577;6;7;58;0.34;2161.75;171
L155;14291;4;3;47;0.454;2138.74;149
L205;910;7;4;52;0.454;183.55;201
L379;19429;9;1;75;0.408;2010.5;103
L540;6594;7;1;66;0.397;820.432;124
L594;890;9;1;63;0.307;100;112
L591;2742;7;5;61;0.436;498.998;181
D801;7087;7;1;63;0.512;787.969;111
L844;11985;3;4;35;0.481;2189.6;182
M092;7420;3;5;40;0.382;1206.4;162
D471;3695;9;8;72;0.449;900;243
M262;7830;7;3;67;0.845;2579.5;329
M260;6987;6;1;60;0.476;909.069;130
F043;6532;8;4;69;0.539;1444.64;221
A235;3062;7;3;63;0.28;301.04;98
A367;2203;9;4;71;0.244;224.025;101
A398;1170;7;8;54;0.241;152.067;129
A402;1133;9;1;67;0.34;108.23;95
A485;10639;8;2;71;0.569;1951.99;183
A956;816;10;10;66;0.266;250.284;306
B057;354;9;7;54;0.33;66.777;188
B238;5242;7;9;64;0.224;644.069;122
B268;88;10;3;77;0.464;22.812;259
B620;1376;10;5;73;0.309;187.827;136
B826;608;0;0;68;0.283;0;0
B853;600;0;0;68;0.263;0;0
B859;1307;10;3;71;0.322;163.271;124
B861;922;5;3;41;0.247;90.766;98
B865;6166;1;1;12;0.51;689.387;111
B896;3074;8;6;71;0.273;373.971;121
B985;5664;7;5;63;0.292;700;123
C114;4347;4;2;47;0.266;364.252;83
C123;382;2;3;15;0.251;39.3;102
C298;1790;6;3;50;0.286;202.12;112
C428;915;10;8;67;0.255;135.983;148
C632;51815;7;4;59;0.508;10160.8;196
C768;351;0;0;74;0.207;3.05;8
C776;848;10;5;67;0.236;94.715;111
C855;202;10;8;80;0.302;44.446;220
C856;505;10;8;69;0.28;83.724;165
D137;2891;10;5;76;0.298;355.782;123
D209;4840;5;10;54;0.334;1162.84;240
D315;359;10;10;68;0.253;69.433;193
D494;1943;9;3;65;0.343;251.3;129
D495;1414;10;1;79;0.883;217.032;153
D592;972;10;6;75;0.212;100.875;103
D738;6362;8;2;70;0.356;715.744;112
D757;337;8;3;51;0.287;42.821;127
D763;25422;8;3;63;0.489;4675.42;183
D796;961;7;2;51;0.314;99.395;103
D803;1764;7;6;55;0.26;201.214;114
D823;988;1;2;6;0.353;98;99
D898;320;8;8;51;0.299;57.416;179
D996;1433;9;6;67;0.258;177.158;123
E052;2819;5;6;51;0.33;390.269;138
E056;1249;7;9;55;0.211;152.039;121
E243;9084;7;2;63;0.329;975.479;107
E266;421;10;1;68;0.252;33.908;80
E424;1271;9;8;65;0.285;196.336;154
E435;35444;3;2;29;0.473;4837.38;136
E531;689;7;1;51;0.34;57.513;83
E559;358;10;9;78;0.216;55.367;154
E611;713;1;1;11;0.337;61.89;86
F196;4829;9;4;74;0.356;703.517;145
F433;971;0;0;68;0.252;10;10
F498;129;10;2;75;0.304;18.472;143
F535;82;5;4;36;0.477;21.742;265
F578;690;10;8;63;0.241;102.388;148
F582;2511;6;10;54;0.262;425.946;169
F785;2405;7;7;59;0.253;294.974;122
G128;3952;9;4;78;0.31;485;122
G141;23446;8;4;65;0.435;4140.51;176
G237;4374;7;6;62;0.266;488.841;111
G271;1392;10;4;86;0.338;221.664;159
G290;923;0;0;68;0.258;25.977;28
G294;1026;8;5;59;0.314;137.036;133
G434;277;10;4;81;0.288;40.136;144
G435;476;2;5;20;0.24;54.038;113
G441;1628;5;1;44;0.473;207.933;127
G724;1130;7;6;56;0.303;164.1;145
G760;870;10;2;69;0.331;98.793;113
G799;2265;1;6;11;0.332;285.534;126
H052;934;5;5;40;0.52;197.062;210
H098;815;10;6;64;0.308;115.495;141
H184;1318;8;5;60;0.298;170;128
H320;4088;8;4;70;0.31;482.144;117
H424;1707;9;8;65;0.324;283.678;166
H439;2360;8;4;64;0.515;474.623;201
H442;1219;9;6;64;0.223;127.415;104
H448;1339;2;2;18;0.249;113.563;84
H495;103;10;10;74;0.572;58.73;570
H566;237;10;10;63;0.436;87.804;370
H784;967;1;3;6;0.299;96.652;99
H923;185;0;0;68;0.265;0;0
D690;14100;6;4;62;0.597;3131.53;222
H991;941;10;2;66;0.348;106.015;112
I148;20016;6;1;55;0.496;2598.26;129
I244;1997;8;1;62;0.287;162.4;81
I335;2508;9;5;74;0.208;222.484;88
I394;5361;8;4;70;0.378;796.003;148
I520;3288;1;7;5;0.367;493.324;150
I526;860;1;3;13;0.35;113.569;132
L047;376;10;9;69;0.276;70.179;186
L194;4158;9;6;75;0.285;557;133
L218;3123;6;1;56;0.408;369.174;118
L224;1838;10;2;70;0.219;135.385;73
L253;825;0;0;68;0.312;0;0
L284;4218;9;1;73;0.32;376.213;89
L291;1353;9;4;67;0.265;158.688;117
L363;1618;7;2;54;0.345;178.46;110
L459;406;10;10;68;0.265;84.467;208
L526;1686;9;9;68;0.234;235.798;139
E372;41087;5;3;46;0.462;6559.73;159
L961;952;1;10;8;0.327;180.781;189
L964;2351;9;4;74;0.35;337.226;143
M022;1346;9;3;63;0.365;193.55;143
G613;134;10;2;71;0.377;22;164
D480;139;10;4;70;0.404;30.6;220
A016;162;3;6;23;1.13;78.095;482
A113;248;5;3;36;0.522;42.77;172
A124;31437;6;3;57;0.661;4822.92;153
A139;242;4;5;32;0.572;44.756;184
A238;128;4;2;30;0.482;18.749;146
A394;83;7;10;46;1.121;64.184;773
A396;199;4;7;34;0.282;26.521;133
A555;1035;10;7;70;0.414;172.066;166
A571;6024;5;1;51;0.444;576.892;95
A589;1069;5;3;45;0.319;88.513;82
A629;658;7;3;52;0.451;73.889;112
A660;7774;4;2;48;0.364;627.741;80
A671;740;9;2;59;0.675;121.013;163
A709;669;6;6;46;0.372;86.154;128
A716;219;5;4;36;0.431;31.485;143
A735;3423;9;4;75;0.32;314.107;91
A750;109;3;8;27;0.592;33.083;303
A774;366;8;3;51;0.442;44.958;122
A779;3671;6;6;56;0.358;441.92;120
A782;474;4;5;34;0.496;68.776;145
A798;71;6;3;40;0.572;16;225
A805;4104;9;1;79;0.314;280.567;68
A979;92;3;1;24;0.753;17.618;191
B018;381;4;7;31;0.498;68.109;178
B033;12468;9;4;79;0.572;1903.47;152
B079;177;4;8;33;0.506;41.626;235
B084;679;4;8;32;0.509;125.199;184
B101;9835;6;8;58;0.388;1318.1;134
B111;29737;8;5;63;0.538;4722.87;158
B167;318;6;4;44;0.455;43.343;136
B175;39;3;3;26;1.283;18.207;466
B200;290;4;1;29;0.287;22.535;77
B204;1084;3;1;27;0.36;78.766;72
B285;10181;7;4;64;0.368;1037.56;101
B467;631;5;5;41;0.401;83.476;132
B489;201;10;2;62;0.246;18.472;91
B573;5686;5;2;52;0.444;623.102;109
B621;80;4;1;34;0.701;14.978;187
B692;104;6;2;43;0.32;13;125
B719;6836;8;3;72;0.421;773.552;113
B720;3034;5;3;53;0.442;316.039;104
B755;1122;4;1;40;0.314;67.439;60
B841;4486;6;9;60;0.395;708.488;157
B845;190;4;1;33;0.405;16.94;89
B894;1480;0;0;48;0.446;20.705;13
C046;2163;4;3;44;0.442;216.797;100
C081;157;3;3;28;0.611;29.567;188
C140;295;8;1;51;0.37;17.666;59
C165;1351;9;6;69;0.42;181.132;134
C167;331;4;9;34;0.455;67.312;203
C173;938;4;2;38;0.387;81.653;87
C176;312;6;7;42;0.339;45.019;144
C205;66;7;1;45;1.002;16.717;253
C214;110;5;3;37;0.489;18.5;168
C314;700;9;2;60;0.578;84.908;121
C317;895;9;1;60;0.358;72.185;80
C323;483;5;9;39;0.379;87;180
C375;644;5;5;43;0.324;61.139;94
C376;5533;4;5;49;0.364;523.327;94
C441;100;5;2;39;0.355;13;130
C466;6954;9;3;75;0.424;759.924;109
C504;2090;6;6;56;0.367;235.26;112
C530;442;4;9;31;0.446;76.159;172
C547;5013;9;2;76;0.316;342.665;68
C550;2236;7;3;60;0.427;214.072;95
C589;5782;9;4;76;0.525;874.789;151
C599;9076;5;3;54;0.551;1181.53;130
C653;3676;9;8;76;0.301;463.738;126
C681;190;9;9;54;0.282;29.437;154
C738;85;4;3;31;0.581;17.748;208
C792;825;6;8;44;0.382;123.092;149
D022;2118;3;4;37;0.446;275;129
D062;2331;7;10;58;0.407;450;193
D093;958;10;1;67;0.396;74.164;77
D120;3375;8;3;68;0.379;335.19;99
D133;411;5;6;37;0.453;67.35;163
D172;168;3;1;24;0.97;37.918;225
D205;56081;9;7;70;0.499;9520.99;169
D271;2003;3;6;37;0.431;305.697;152
D291;3570;4;4;44;0.38;354;99
D314;4781;9;5;75;0.418;664.442;138
D372;7035;9;3;75;0.402;730.633;103
D401;97;4;1;30;0.478;9.794;100
D410;774;6;5;47;0.963;242.812;313
D412;2074;2;2;27;0.347;153.488;74
D499;1755;10;7;70;0.394;266.536;151
D511;486;7;1;47;0.477;43.448;89
D523;316;5;5;38;0.459;50.076;158
D742;24739;8;2;64;0.495;2801.99;113
D751;759;4;8;35;0.752;217.831;286
D752;1497;1;9;14;0.998;558.388;373
D782;265;10;1;66;1.41;63.4;239
D856;582;5;6;39;0.384;70.133;120
D894;371;4;2;35;0.312;29.301;78
D920;3244;6;10;60;0.376;776.422;239
D967;2625;7;2;58;0.557;304.712;116
E111;304;0;0;45;0.298;0;0
E115;148;4;3;31;0.46;22.425;151
E118;2203;5;1;46;0.431;205.01;93
E182;1995;7;3;55;0.441;211.756;106
E251;3596;4;6;46;0.465;461.668;128
E282;74;10;1;60;0.334;6.87;92
E327;76;3;1;25;0.387;5.05;66
E406;1453;6;1;52;0.431;109.973;75
E430;2724;6;5;54;0.375;310.708;114
E540;487;5;8;36;0.371;73.878;151
E539;782;10;5;67;0.374;86.601;110
E546;794;10;1;71;0.591;99.927;125
E564;231;7;7;46;0.347;39;168
E597;1485;3;7;30;1.068;576.583;388
E615;201;7;5;46;0.321;28;139
E789;59;5;1;37;0.701;11.129;188
E809;2153;5;2;51;0.517;244.089;113
E808;2253;10;3;81;0.397;251.014;111
E887;1308;6;6;50;0.332;153.1;117
E894;3787;8;1;66;0.443;343.631;90
E939;3175;10;1;80;0.503;221.871;69
E945;1441;9;1;69;0.359;110.85;76
E963;68;4;2;31;1.17;27.694;407
E973;245;6;4;44;0.276;25.456;103
E988;734;2;2;24;0.327;54.025;73
F114;292;4;1;34;0.525;35.643;122
F279;234;4;6;30;0.472;42.212;180
F309;268;5;6;35;0.5;52.63;196
F312;609;7;9;52;0.278;84.788;139
F326;1297;3;10;31;0.383;210;161
F329;89;4;6;30;0.526;22.059;247
F330;1371;7;1;57;0.43;115.752;84
F338;571;6;9;46;0.421;88.86;155
F351;22484;9;6;71;0.542;3833.3;170
F355;645;4;10;32;0.423;137.867;213
F358;2056;7;4;58;0.494;298.018;144
F385;4733;4;5;46;0.348;455.211;96
F405;557;3;10;28;0.523;206.438;370
F408;844;6;7;44;0.322;105.318;124
F424;760;10;10;78;0.333;147.5;194
F550;529;9;2;59;0.433;55.5;104
F558;241;6;2;43;0.342;26.04;108
F608;505;3;1;30;0.464;41.632;82
F654;1634;5;4;46;0.318;137;83
F666;259;2;6;21;0.632;58.5;225
F669;2292;5;2;51;0.363;162.802;71
F723;4136;6;2;55;0.505;475.579;114
F743;2086;9;6;74;0.308;242.898;116
F809;834;3;8;27;0.479;142.021;170
F811;966;5;1;39;0.416;76;78
F846;3437;4;5;42;0.341;319.314;92
F863;3405;4;4;43;0.384;385;113
F883;382;9;8;53;0.334;50;130
F894;372;6;7;41;0.424;62.435;167
F895;1046;8;6;62;0.35;134.801;128
F961;987;7;1;51;0.426;86;87
F972;430;8;6;52;0.376;62.201;144
G066;76;4;6;32;0.471;18.157;238
G114;1617;4;9;40;0.502;386.726;239
G183;83;4;10;34;0.538;33.208;400
G228;2784;4;1;40;0.47;262.584;94
G240;585;4;1;34;0.336;35.509;60
G302;302;3;7;28;0.881;103.016;341
G339;211;8;8;51;0.346;34.327;162
G457;292;5;10;39;0.389;69.226;237
G458;116;4;8;33;0.372;25.411;219
G526;5543;3;3;37;0.518;625.979;112
G532;344;3;8;27;0.518;74.903;217
G561;2202;9;9;75;0.292;259.658;117
G575;2774;9;2;74;0.391;257.988;93
G625;77;8;3;49;1.02;30.247;392
G683;1288;5;5;46;0.425;149;115
G697;995;10;3;74;0.392;106.246;106
G742;3339;4;7;41;0.33;330.723;99
G800;1160;6;2;51;0.394;107.5;92
G837;179;3;3;26;1.066;58.086;324
G970;250;4;1;33;0.69;39.838;159
H011;170;5;1;36;0.678;25.683;151
H059;529;9;4;59;0.412;71.152;134
H068;2017;4;6;42;0.342;224.032;111
H069;701;9;5;63;0.242;61.845;88
H085;451;6;9;41;0.358;79.008;175
H150;10038;8;4;71;0.412;1155.38;115
H247;4262;7;1;61;0.35;320.555;75
H285;1078;3;2;27;0.312;69.942;64
H326;109;4;2;34;0.87;25.201;231
H362;107;5;7;36;0.812;37.852;353
H363;97;5;1;36;0.364;7.3;75
H377;2306;4;10;39;0.38;369.193;160
H378;495;3;6;24;1.068;166.994;337
H385;1585;5;2;43;0.441;156;98
H391;142;5;5;37;0.372;22.706;159
H395;1662;7;9;55;0.306;234.488;141
H407;2085;5;9;47;0.411;334.419;160
H447;741;7;4;50;0.355;82.386;111
H453;2761;4;9;38;0.332;318.386;115
H462;167;5;3;36;0.622;27.456;164
H472;1607;8;2;60;0.43;162.238;100
H473;400;9;5;54;0.35;50.6;126
H474;980;6;3;46;0.461;109.826;112
H578;908;4;3;34;0.435;83.45;91
H633;367;0;0;47;0.438;0;0
H695;486;4;6;34;0.489;79.779;164
H704;183;5;3;38;0.4;25.267;138
H710;1323;3;9;32;0.38;201.835;152
H716;704;10;4;66;0.39;86.604;123
H727;16960;7;4;65;0.475;2199.16;129
H746;92;6;8;44;0.796;36.409;395
H755;1022;3;2;31;0.696;179.454;175
H770;179;6;4;41;0.409;27.451;153
H812;430;6;6;40;0.377;62.439;145
H851;3040;5;4;49;0.402;300;98
H852;2395;3;5;29;0.335;221.1;92
I037;2003;9;10;69;0.306;282.247;140
I210;2422;4;1;39;0.448;181.606;74
I316;2795;6;5;55;0.484;370.277;132
I367;3984;5;3;52;0.486;522.423;131
I372;1390;6;10;49;0.292;198.525;142
I470;21441;8;5;65;0.46;2794.35;130
I484;194;6;5;42;0.292;23.562;121
I512;2162;4;1;39;0.35;142;65
I646;564;8;1;55;0.857;92.505;164
I659;315;4;7;34;0.424;54.364;172
I750;522;9;1;58;0.326;37.768;72
I817;356;5;5;35;0.431;54.15;152
I822;6361;5;6;53;0.387;731.432;114
I823;2797;4;1;39;0.41;239.398;85
I985;103;4;1;34;0.831;18.409;178
L048;2122;9;3;73;0.373;210.726;99
L252;200;5;4;37;0.669;39.938;199
L241;498;4;7;34;0.402;76.747;154
L278;730;5;2;39;0.416;66.356;90
L281;52;9;1;57;0.336;5.338;102
L367;820;9;1;59;0.407;71.359;87
L410;331;9;9;55;0.289;44.478;134
L427;2263;6;3;54;0.341;223.008;98
L558;935;5;8;39;0.527;192.468;205
L580;786;4;2;38;0.363;70.62;89
L631;109;4;2;34;0.813;25.813;236
L636;52;3;1;26;0.962;13.8;265
L729;1437;6;3;53;0.375;134;93
L758;588;9;3;62;0.627;87.431;148
L771;1178;3;9;29;0.469;234.375;198
L804;6459;6;3;61;0.372;614.697;95
L817;2287;5;10;51;0.34;411.407;179
L841;3136;7;9;63;0.344;439.071;140
L888;2600;10;1;81;0.316;179.127;68
L942;2925;4;1;42;0.477;199.224;68
L974;5792;7;7;64;0.34;689.072;118
L990;772;6;1;44;0.441;60.144;77
M015;1547;3;3;30;0.34;114.908;74
M055;644;2;4;15;0.875;147.25;228
M063;391;3;7;27;0.552;86.59;221
M136;537;4;3;37;0.368;52.395;97
A143;6449;6;3;56;0.428;589.58;91
A153;4201;5;1;54;0.527;404.003;96
A164;2739;7;2;60;0.428;248.431;90
A224;1227;8;2;62;0.387;96.272;78
A249;5026;6;7;62;0.387;567.442;112
A319;1771;8;7;62;0.387;210;118
A333;7719;4;2;44;0.481;727.239;94
A391;681;4;5;32;0.738;134.249;197
A430;4983;6;5;59;0.383;510.852;102
A476;3587;4;4;40;0.378;292.901;81
A670;599;4;5;33;0.444;73.069;121
A778;330;3;1;26;0.326;19.335;58
A791;2745;9;2;69;0.414;242.761;88
A870;4821;8;2;66;0.448;448.374;93
A898;1552;7;;;0;0;
